katch,nkpl/benchmarks/small/Airtel_reachability.nkpl,0.01057483
katch,nkpl/benchmarks/small/Airtel_slicing.nkpl,0.02444278
katch,nkpl/benchmarks/small/Airtel_unreachability.nkpl,0.010551631
katch,nkpl/benchmarks/small/Arpa_reachability.nkpl,0.013917365
katch,nkpl/benchmarks/small/Arpa_slicing.nkpl,0.050842965
katch,nkpl/benchmarks/small/Arpa_unreachability.nkpl,0.021473229
katch,nkpl/benchmarks/small/Belnet_reachability.nkpl,0.016560965
katch,nkpl/benchmarks/small/Belnet_slicing.nkpl,0.035555532
katch,nkpl/benchmarks/small/Belnet_unreachability.nkpl,0.014725955
katch,nkpl/benchmarks/small/Compuserv_reachability.nkpl,0.00637267
katch,nkpl/benchmarks/small/Compuserv_slicing.nkpl,0.014679846
katch,nkpl/benchmarks/small/Compuserv_unreachability.nkpl,0.00700649
katch,nkpl/benchmarks/small/Layer42_reachability.nkpl,0.00312328
katch,nkpl/benchmarks/small/Layer42_slicing.nkpl,0.006257155
katch,nkpl/benchmarks/small/Layer42_unreachability.nkpl,0.003578308
katch,nkpl/benchmarks/small/Sanet_reachability.nkpl,0.031868084
katch,nkpl/benchmarks/small/Sanet_unreachability.nkpl,0.034546395
katch,nkpl/benchmarks/small/Shentel_reachability.nkpl,0.017623827
katch,nkpl/benchmarks/small/Shentel_slicing.nkpl,0.0403634
katch,nkpl/benchmarks/small/Shentel_unreachability.nkpl,0.01986237
katch,nkpl/benchmarks/small/Uunet_reachability.nkpl,0.045910084
katch,nkpl/benchmarks/small/Uunet_unreachability.nkpl,0.042393881
katch,nkpl/benchmarks/small/ft2_h_reachability.nkpl,0.003560804
katch,nkpl/benchmarks/small/ft2_reachability.nkpl,0.003891973
katch,nkpl/benchmarks/small/ft4_h_reachability.nkpl,0.016360683
katch,nkpl/benchmarks/small/ft4_reachability.nkpl,0.021572699
katch,nkpl/benchmarks/small/ft4_slicing.nkpl,0.028658944
katch,nkpl/benchmarks/small/Airtel_reachability.nkpl,0.009493238
katch,nkpl/benchmarks/small/Airtel_slicing.nkpl,0.021004798
katch,nkpl/benchmarks/small/Airtel_unreachability.nkpl,0.011622488
katch,nkpl/benchmarks/small/Arpa_reachability.nkpl,0.013361124
katch,nkpl/benchmarks/small/Arpa_slicing.nkpl,0.040234138
katch,nkpl/benchmarks/small/Arpa_unreachability.nkpl,0.016132198
katch,nkpl/benchmarks/small/Belnet_reachability.nkpl,0.01221297
katch,nkpl/benchmarks/small/Belnet_slicing.nkpl,0.039131651
katch,nkpl/benchmarks/small/Belnet_unreachability.nkpl,0.0134565
katch,nkpl/benchmarks/small/Compuserv_reachability.nkpl,0.006134864
katch,nkpl/benchmarks/small/Compuserv_slicing.nkpl,0.012734422
katch,nkpl/benchmarks/small/Compuserv_unreachability.nkpl,0.00662155
katch,nkpl/benchmarks/small/Layer42_reachability.nkpl,0.002888791
katch,nkpl/benchmarks/small/Layer42_slicing.nkpl,0.007437702
katch,nkpl/benchmarks/small/Layer42_unreachability.nkpl,0.003343384
katch,nkpl/benchmarks/small/Sanet_reachability.nkpl,0.044571675
katch,nkpl/benchmarks/small/Sanet_unreachability.nkpl,0.031652317
katch,nkpl/benchmarks/small/Shentel_reachability.nkpl,0.015471547
katch,nkpl/benchmarks/small/Shentel_slicing.nkpl,0.035383213
katch,nkpl/benchmarks/small/Shentel_unreachability.nkpl,0.017499675
katch,nkpl/benchmarks/small/Uunet_reachability.nkpl,0.039374697
katch,nkpl/benchmarks/small/Uunet_unreachability.nkpl,0.040253275
katch,nkpl/benchmarks/small/ft2_h_reachability.nkpl,0.003455239
katch,nkpl/benchmarks/small/ft2_reachability.nkpl,0.00385235
katch,nkpl/benchmarks/small/ft4_h_reachability.nkpl,0.016693597
katch,nkpl/benchmarks/small/ft4_reachability.nkpl,0.021660935
katch,nkpl/benchmarks/small/ft4_slicing.nkpl,0.028572257
frenetic,nkpl/benchmarks/small/Airtel_reachability.nkpl,0.83
frenetic,nkpl/benchmarks/small/Airtel_slicing.nkpl,2.08
frenetic,nkpl/benchmarks/small/Airtel_unreachability.nkpl,0.84
frenetic,nkpl/benchmarks/small/Arpa_reachability.nkpl,4.32
frenetic,nkpl/benchmarks/small/Arpa_slicing.nkpl,10.99
frenetic,nkpl/benchmarks/small/Arpa_unreachability.nkpl,4.32
frenetic,nkpl/benchmarks/small/Belnet_reachability.nkpl,3.17
frenetic,nkpl/benchmarks/small/Belnet_slicing.nkpl,7.99
frenetic,nkpl/benchmarks/small/Belnet_unreachability.nkpl,3.16
frenetic,nkpl/benchmarks/small/Compuserv_reachability.nkpl,0.36
frenetic,nkpl/benchmarks/small/Compuserv_slicing.nkpl,0.85
frenetic,nkpl/benchmarks/small/Compuserv_unreachability.nkpl,0.38
frenetic,nkpl/benchmarks/small/Layer42_reachability.nkpl,0.04
frenetic,nkpl/benchmarks/small/Layer42_slicing.nkpl,0.07
frenetic,nkpl/benchmarks/small/Layer42_unreachability.nkpl,0.04
frenetic,nkpl/benchmarks/small/Sanet_reachability.nkpl,23.46
frenetic,nkpl/benchmarks/small/Sanet_unreachability.nkpl,25.23
frenetic,nkpl/benchmarks/small/Shentel_reachability.nkpl,4.01
frenetic,nkpl/benchmarks/small/Shentel_slicing.nkpl,9.80
frenetic,nkpl/benchmarks/small/Shentel_unreachability.nkpl,4.00
frenetic,nkpl/benchmarks/small/Uunet_reachability.nkpl,81.54
frenetic,nkpl/benchmarks/small/Uunet_unreachability.nkpl,81.92
frenetic,nkpl/benchmarks/small/ft2_h_reachability.nkpl,0.04
frenetic,nkpl/benchmarks/small/ft2_reachability.nkpl,0.05
frenetic,nkpl/benchmarks/small/ft4_h_reachability.nkpl,2.27
frenetic,nkpl/benchmarks/small/ft4_reachability.nkpl,10.51
frenetic,nkpl/benchmarks/small/ft4_slicing.nkpl,5.53
katch,nkpl/benchmarks/medium/Missouri_reachability.nkpl,0.107313453
katch,nkpl/benchmarks/medium/Missouri_unreachability.nkpl,0.103556504
katch,nkpl/benchmarks/medium/Sanet_slicing.nkpl,0.119090257
katch,nkpl/benchmarks/medium/Telcove_reachability.nkpl,0.091721348
katch,nkpl/benchmarks/medium/Telcove_unreachability.nkpl,0.078154097
katch,nkpl/benchmarks/medium/Uunet_slicing.nkpl,0.146250251
katch,nkpl/benchmarks/medium/ft6_h_reachability.nkpl,0.116872732
frenetic,nkpl/benchmarks/medium/Missouri_reachability.nkpl,161.28
frenetic,nkpl/benchmarks/medium/Missouri_unreachability.nkpl,165.85
frenetic,nkpl/benchmarks/medium/Sanet_slicing.nkpl,62.70
frenetic,nkpl/benchmarks/medium/Telcove_reachability.nkpl,464.15
frenetic,nkpl/benchmarks/medium/Telcove_unreachability.nkpl,465.27
frenetic,nkpl/benchmarks/medium/Uunet_slicing.nkpl,204.85
frenetic,nkpl/benchmarks/medium/ft6_h_reachability.nkpl,259.80
katch,nkpl/benchmarks/flip-first15/flip1.nkpl,0.003796083
katch,nkpl/benchmarks/flip-first15/flip10.nkpl,0.011820677
katch,nkpl/benchmarks/flip-first15/flip11.nkpl,0.011733627
katch,nkpl/benchmarks/flip-first15/flip2.nkpl,0.003685158
katch,nkpl/benchmarks/flip-first15/flip3.nkpl,0.003895944
katch,nkpl/benchmarks/flip-first15/flip4.nkpl,0.003843673
katch,nkpl/benchmarks/flip-first15/flip5.nkpl,0.003705487
katch,nkpl/benchmarks/flip-first15/flip6.nkpl,0.005199164
katch,nkpl/benchmarks/flip-first15/flip7.nkpl,0.004191811
katch,nkpl/benchmarks/flip-first15/flip8.nkpl,0.006402704
katch,nkpl/benchmarks/flip-first15/flip9.nkpl,0.005562959
frenetic,nkpl/benchmarks/flip-first15/flip1.nkpl,0.04
frenetic,nkpl/benchmarks/flip-first15/flip10.nkpl,24.95
frenetic,nkpl/benchmarks/flip-first15/flip11.nkpl,86.12
frenetic,nkpl/benchmarks/flip-first15/flip2.nkpl,0.04
frenetic,nkpl/benchmarks/flip-first15/flip3.nkpl,0.03
frenetic,nkpl/benchmarks/flip-first15/flip4.nkpl,0.04
frenetic,nkpl/benchmarks/flip-first15/flip5.nkpl,0.05
frenetic,nkpl/benchmarks/flip-first15/flip6.nkpl,0.14
frenetic,nkpl/benchmarks/flip-first15/flip7.nkpl,0.36
frenetic,nkpl/benchmarks/flip-first15/flip8.nkpl,1.88
frenetic,nkpl/benchmarks/flip-first15/flip9.nkpl,7.01
katch,nkpl/benchmarks/nondet-first15/nondet1-swptdst.nkpl,0.002004803
katch,nkpl/benchmarks/nondet-first15/nondet10-swptdst.nkpl,0.005424461
katch,nkpl/benchmarks/nondet-first15/nondet11-swptdst.nkpl,0.005999219
katch,nkpl/benchmarks/nondet-first15/nondet12-swptdst.nkpl,0.006894507
katch,nkpl/benchmarks/nondet-first15/nondet13-swptdst.nkpl,0.00739732
katch,nkpl/benchmarks/nondet-first15/nondet14-swptdst.nkpl,0.009325675
katch,nkpl/benchmarks/nondet-first15/nondet15-swptdst.nkpl,0.010217956
katch,nkpl/benchmarks/nondet-first15/nondet2-swptdst.nkpl,0.001841571
katch,nkpl/benchmarks/nondet-first15/nondet3-swptdst.nkpl,0.002011245
katch,nkpl/benchmarks/nondet-first15/nondet4-swptdst.nkpl,0.001991104
katch,nkpl/benchmarks/nondet-first15/nondet5-swptdst.nkpl,0.002453348
katch,nkpl/benchmarks/nondet-first15/nondet6-swptdst.nkpl,0.002551178
katch,nkpl/benchmarks/nondet-first15/nondet7-swptdst.nkpl,0.002733193
katch,nkpl/benchmarks/nondet-first15/nondet8-swptdst.nkpl,0.003145413
katch,nkpl/benchmarks/nondet-first15/nondet9-swptdst.nkpl,0.003491327
frenetic,nkpl/benchmarks/nondet-first15/nondet1-swptdst.nkpl,0.03
frenetic,nkpl/benchmarks/nondet-first15/nondet10-swptdst.nkpl,5.84
frenetic,nkpl/benchmarks/nondet-first15/nondet11-swptdst.nkpl,9.71
frenetic,nkpl/benchmarks/nondet-first15/nondet12-swptdst.nkpl,15.77
frenetic,nkpl/benchmarks/nondet-first15/nondet13-swptdst.nkpl,24.80
frenetic,nkpl/benchmarks/nondet-first15/nondet14-swptdst.nkpl,37.81
frenetic,nkpl/benchmarks/nondet-first15/nondet15-swptdst.nkpl,54.60
frenetic,nkpl/benchmarks/nondet-first15/nondet2-swptdst.nkpl,0.03
frenetic,nkpl/benchmarks/nondet-first15/nondet3-swptdst.nkpl,0.04
frenetic,nkpl/benchmarks/nondet-first15/nondet4-swptdst.nkpl,0.08
frenetic,nkpl/benchmarks/nondet-first15/nondet5-swptdst.nkpl,0.17
frenetic,nkpl/benchmarks/nondet-first15/nondet6-swptdst.nkpl,0.37
frenetic,nkpl/benchmarks/nondet-first15/nondet7-swptdst.nkpl,0.83
frenetic,nkpl/benchmarks/nondet-first15/nondet8-swptdst.nkpl,1.77
frenetic,nkpl/benchmarks/nondet-first15/nondet9-swptdst.nkpl,3.28
katch,nkpl/benchmarks/inc-first15/inc1.nkpl,0.001284995
katch,nkpl/benchmarks/inc-first15/inc10.nkpl,0.011863798
katch,nkpl/benchmarks/inc-first15/inc11.nkpl,0.013148263
katch,nkpl/benchmarks/inc-first15/inc12.nkpl,0.015421859
katch,nkpl/benchmarks/inc-first15/inc13.nkpl,0.017864834
katch,nkpl/benchmarks/inc-first15/inc14.nkpl,0.020238593
katch,nkpl/benchmarks/inc-first15/inc2.nkpl,0.001855436
katch,nkpl/benchmarks/inc-first15/inc3.nkpl,0.002492568
katch,nkpl/benchmarks/inc-first15/inc4.nkpl,0.003066009
katch,nkpl/benchmarks/inc-first15/inc5.nkpl,0.00398683
katch,nkpl/benchmarks/inc-first15/inc6.nkpl,0.005070412
katch,nkpl/benchmarks/inc-first15/inc7.nkpl,0.006169062
katch,nkpl/benchmarks/inc-first15/inc8.nkpl,0.007659587
katch,nkpl/benchmarks/inc-first15/inc9.nkpl,0.00943522
frenetic,nkpl/benchmarks/inc-first15/inc1.nkpl,0.03
frenetic,nkpl/benchmarks/inc-first15/inc10.nkpl,584.89
katch,nkpl/benchmarks/inc-first15/inc1.nkpl,0.002166748
katch,nkpl/benchmarks/inc-first15/inc10.nkpl,0.017280485
katch,nkpl/benchmarks/inc-first15/inc2.nkpl,0.002717897
katch,nkpl/benchmarks/inc-first15/inc3.nkpl,0.003738319
katch,nkpl/benchmarks/inc-first15/inc4.nkpl,0.00526495
katch,nkpl/benchmarks/inc-first15/inc5.nkpl,0.007312337
katch,nkpl/benchmarks/inc-first15/inc6.nkpl,0.008539103
katch,nkpl/benchmarks/inc-first15/inc7.nkpl,0.01045741
katch,nkpl/benchmarks/inc-first15/inc8.nkpl,0.009233988
katch,nkpl/benchmarks/inc-first15/inc9.nkpl,0.011406073
frenetic,nkpl/benchmarks/inc-first15/inc1.nkpl,0.04
frenetic,nkpl/benchmarks/inc-first15/inc10.nkpl,588.10
frenetic,nkpl/benchmarks/inc-first15/inc2.nkpl,0.03
frenetic,nkpl/benchmarks/inc-first15/inc3.nkpl,0.03
frenetic,nkpl/benchmarks/inc-first15/inc4.nkpl,0.04
frenetic,nkpl/benchmarks/inc-first15/inc5.nkpl,0.06
frenetic,nkpl/benchmarks/inc-first15/inc6.nkpl,0.19
frenetic,nkpl/benchmarks/inc-first15/inc7.nkpl,1.02
frenetic,nkpl/benchmarks/inc-first15/inc8.nkpl,7.78
frenetic,nkpl/benchmarks/inc-first15/inc9.nkpl,67.95
katch,nkpl/benchmarks/large/Cogentco_reachability.nkpl,0.652626942
katch,nkpl/benchmarks/large/Cogentco_unreachability.nkpl,0.66053921
katch,nkpl/benchmarks/large/Deltacom_reachability.nkpl,0.205154627
katch,nkpl/benchmarks/large/Deltacom_slicing.nkpl,0.509683826
katch,nkpl/benchmarks/large/Deltacom_unreachability.nkpl,0.214486724
katch,nkpl/benchmarks/large/Missouri_slicing.nkpl,0.173750318
katch,nkpl/benchmarks/large/Telcove_slicing.nkpl,0.197936354
katch,nkpl/benchmarks/large/ft6_reachability.nkpl,0.149083941
katch,nkpl/benchmarks/large/ft6_slicing.nkpl,0.22444425
katch,nkpl/benchmarks/large/ft8_reachability.nkpl,0.448821931
katch,nkpl/benchmarks/large/ft8_unreachability.nkpl,0.445760536
frenetic,nkpl/benchmarks/large/Cogentco_reachability.nkpl,timeout (3600s)
frenetic,nkpl/benchmarks/large/Cogentco_unreachability.nkpl,timeout (3600s)
frenetic,nkpl/benchmarks/large/Deltacom_reachability.nkpl,2062.34
frenetic,nkpl/benchmarks/large/Deltacom_slicing.nkpl,timeout (3600s)
frenetic,nkpl/benchmarks/large/Deltacom_unreachability.nkpl,2367.49
frenetic,nkpl/benchmarks/large/Missouri_slicing.nkpl,417.17
frenetic,nkpl/benchmarks/large/Telcove_slicing.nkpl,1124.25
frenetic,nkpl/benchmarks/large/ft6_reachability.nkpl,894.55
frenetic,nkpl/benchmarks/large/ft6_slicing.nkpl,661.72
frenetic,nkpl/benchmarks/large/ft8_reachability.nkpl,timeout (3600s)
frenetic,nkpl/benchmarks/large/ft8_unreachability.nkpl,timeout (3600s)
katch,nkpl/benchmarks/large/Cogentco_reachability.nkpl,1.008234079
katch,nkpl/benchmarks/large/Cogentco_reachability.nkpl,1.240375448
katch,nkpl/benchmarks/large/Deltacom_reachability.nkpl,0.419348569
katch,nkpl/benchmarks/large/Cogentco_unreachability.nkpl,1.109118553
katch,nkpl/benchmarks/large/Deltacom_unreachability.nkpl,0.383816683
katch,nkpl/benchmarks/large/Deltacom_slicing.nkpl,0.997011065
katch,nkpl/benchmarks/large/ft6_reachability.nkpl,0.347962436
katch,nkpl/benchmarks/large/ft6_slicing.nkpl,0.481823609
katch,nkpl/benchmarks/large/ft8_reachability.nkpl,0.882859678
katch,nkpl/benchmarks/large/Missouri_slicing.nkpl,0.363347189
katch,nkpl/benchmarks/large/ft8_unreachability.nkpl,1.089676455
katch,nkpl/benchmarks/large/Telcove_slicing.nkpl,0.361606514
frenetic,nkpl/benchmarks/large/Missouri_slicing.nkpl,621.74
frenetic,nkpl/benchmarks/large/ft6_slicing.nkpl,925.94
frenetic,nkpl/benchmarks/large/ft6_reachability.nkpl,1172.60
frenetic,nkpl/benchmarks/large/Telcove_slicing.nkpl,1424.23
frenetic,nkpl/benchmarks/large/Deltacom_unreachability.nkpl,2678.57
frenetic,nkpl/benchmarks/large/Deltacom_reachability.nkpl,2722.78
katch,nkpl/benchmarks/topo-zoo/naive-reachability/Aarnet-reachability.nkpl,0.144129172
katch,nkpl/benchmarks/topo-zoo/naive-reachability/Abilene-reachability.nkpl,0.036071558
katch,nkpl/benchmarks/topo-zoo/naive-reachability/Abvt-reachability.nkpl,0.215619558
katch,nkpl/benchmarks/topo-zoo/naive-reachability/Aconet-reachability.nkpl,0.189397858
katch,nkpl/benchmarks/topo-zoo/naive-reachability/Agis-reachability.nkpl,0.256610186
katch,nkpl/benchmarks/topo-zoo/naive-reachability/Ai3-reachability.nkpl,0.029134567
katch,nkpl/benchmarks/topo-zoo/naive-reachability/Airtel-reachability.nkpl,0.090568313
katch,nkpl/benchmarks/topo-zoo/naive-reachability/Amres-reachability.nkpl,0.314775714
katch,nkpl/benchmarks/topo-zoo/naive-reachability/Ans-reachability.nkpl,0.113037509
katch,nkpl/benchmarks/topo-zoo/naive-reachability/Arn-reachability.nkpl,0.392990583
katch,nkpl/benchmarks/topo-zoo/naive-reachability/Arnes-reachability.nkpl,0.560090236
katch,nkpl/benchmarks/topo-zoo/naive-reachability/Arpanet196912-reachability.nkpl,0.003912272
katch,nkpl/benchmarks/topo-zoo/naive-reachability/Arpanet19706-reachability.nkpl,0.021822621
katch,nkpl/benchmarks/topo-zoo/naive-reachability/Arpanet19719-reachability.nkpl,0.11736004
katch,nkpl/benchmarks/topo-zoo/naive-reachability/Arpanet19723-reachability.nkpl,0.28371458
katch,nkpl/benchmarks/topo-zoo/naive-reachability/Arpanet19728-reachability.nkpl,0.399853673
katch,nkpl/benchmarks/topo-zoo/naive-reachability/AsnetAm-reachability.nkpl,3.163826154
katch,nkpl/benchmarks/topo-zoo/naive-reachability/Atmnet-reachability.nkpl,0.192516612
katch,nkpl/benchmarks/topo-zoo/naive-reachability/AttMpls-reachability.nkpl,0.238638243
katch,nkpl/benchmarks/topo-zoo/naive-reachability/Azrena-reachability.nkpl,0.190105377
katch,nkpl/benchmarks/topo-zoo/naive-reachability/Bandcon-reachability.nkpl,0.189797777
katch,nkpl/benchmarks/topo-zoo/naive-reachability/Basnet-reachability.nkpl,0.012185235
katch,nkpl/benchmarks/topo-zoo/naive-reachability/Bbnplanet-reachability.nkpl,0.306109168
katch,nkpl/benchmarks/topo-zoo/naive-reachability/Bellcanada-reachability.nkpl,1.521760947
katch,nkpl/benchmarks/topo-zoo/naive-reachability/Bellsouth-reachability.nkpl,1.58505386
katch,nkpl/benchmarks/topo-zoo/naive-reachability/Belnet2003-reachability.nkpl,0.219993703
katch,nkpl/benchmarks/topo-zoo/naive-reachability/Belnet2004-reachability.nkpl,0.222901813
katch,nkpl/benchmarks/topo-zoo/naive-reachability/Belnet2005-reachability.nkpl,0.226959695
katch,nkpl/benchmarks/topo-zoo/naive-reachability/Belnet2006-reachability.nkpl,0.214074943
katch,nkpl/benchmarks/topo-zoo/naive-reachability/Belnet2007-reachability.nkpl,0.184331659
katch,nkpl/benchmarks/topo-zoo/naive-reachability/Belnet2008-reachability.nkpl,0.18369201
katch,nkpl/benchmarks/topo-zoo/naive-reachability/Belnet2009-reachability.nkpl,0.183014094
katch,nkpl/benchmarks/topo-zoo/naive-reachability/Belnet2010-reachability.nkpl,0.207059955
katch,nkpl/benchmarks/topo-zoo/naive-reachability/BeyondTheNetwork-reachability.nkpl,1.722310323
katch,nkpl/benchmarks/topo-zoo/naive-reachability/Bics-reachability.nkpl,0.540184803
katch,nkpl/benchmarks/topo-zoo/naive-reachability/Biznet-reachability.nkpl,0.502807702
katch,nkpl/benchmarks/topo-zoo/naive-reachability/Bren-reachability.nkpl,0.742133747
katch,nkpl/benchmarks/topo-zoo/naive-reachability/BsonetEurope-reachability.nkpl,0.121047665
katch,nkpl/benchmarks/topo-zoo/naive-reachability/BtAsiaPac-reachability.nkpl,0.152578299
katch,nkpl/benchmarks/topo-zoo/naive-reachability/BtEurope-reachability.nkpl,0.239594085
katch,nkpl/benchmarks/topo-zoo/naive-reachability/BtLatinAmerica-reachability.nkpl,1.636325435
katch,nkpl/benchmarks/topo-zoo/naive-reachability/BtNorthAmerica-reachability.nkpl,0.62579544
katch,nkpl/benchmarks/topo-zoo/naive-reachability/Canerie-reachability.nkpl,0.485682456
katch,nkpl/benchmarks/topo-zoo/naive-reachability/Carnet-reachability.nkpl,1.118826724
katch,nkpl/benchmarks/topo-zoo/naive-reachability/Cernet-reachability.nkpl,0.865528173
katch,nkpl/benchmarks/topo-zoo/naive-reachability/Cesnet1993-reachability.nkpl,0.027557137
katch,nkpl/benchmarks/topo-zoo/naive-reachability/Cesnet1997-reachability.nkpl,0.055990734
katch,nkpl/benchmarks/topo-zoo/naive-reachability/Cesnet1999-reachability.nkpl,0.05379696
katch,nkpl/benchmarks/topo-zoo/naive-reachability/Cesnet2001-reachability.nkpl,0.214087656
katch,nkpl/benchmarks/topo-zoo/naive-reachability/Cesnet200304-reachability.nkpl,0.380929339
katch,nkpl/benchmarks/topo-zoo/naive-reachability/Cesnet200511-reachability.nkpl,0.790839971
katch,nkpl/benchmarks/topo-zoo/naive-reachability/Cesnet200603-reachability.nkpl,0.789764903
katch,nkpl/benchmarks/topo-zoo/naive-reachability/Cesnet200706-reachability.nkpl,1.1033476
katch,nkpl/benchmarks/topo-zoo/naive-reachability/Cesnet201006-reachability.nkpl,1.656905467
katch,nkpl/benchmarks/topo-zoo/naive-reachability/Chinanet-reachability.nkpl,0.963207076
katch,nkpl/benchmarks/topo-zoo/naive-reachability/Claranet-reachability.nkpl,0.071797014
katch,nkpl/benchmarks/topo-zoo/naive-reachability/Cogentco-reachability.nkpl,71.944960585
katch,nkpl/benchmarks/topo-zoo/naive-reachability/Colt-reachability.nkpl,36.496762901
katch,nkpl/benchmarks/topo-zoo/naive-reachability/Columbus-reachability.nkpl,4.620374889
katch,nkpl/benchmarks/topo-zoo/naive-reachability/Compuserve-reachability.nkpl,0.059762746
katch,nkpl/benchmarks/topo-zoo/naive-reachability/CrlNetworkServices-reachability.nkpl,0.593817165
katch,nkpl/benchmarks/topo-zoo/naive-reachability/Cudi-reachability.nkpl,1.564157247
katch,nkpl/benchmarks/topo-zoo/naive-reachability/Cwix-reachability.nkpl,0.754791699
katch,nkpl/benchmarks/topo-zoo/naive-reachability/Cynet-reachability.nkpl,0.578666491
katch,nkpl/benchmarks/topo-zoo/naive-reachability/Darkstrand-reachability.nkpl,0.466704852
katch,nkpl/benchmarks/topo-zoo/naive-reachability/Dataxchange-reachability.nkpl,0.009835035
katch,nkpl/benchmarks/topo-zoo/naive-reachability/Deltacom-reachability.nkpl,14.824459287
katch,nkpl/benchmarks/topo-zoo/naive-reachability/DeutscheTelekom-reachability.nkpl,0.769533518
katch,nkpl/benchmarks/topo-zoo/naive-reachability/Dfn-reachability.nkpl,2.097082448
katch,nkpl/benchmarks/topo-zoo/naive-reachability/DialtelecomCz-reachability.nkpl,58.587672815
katch,nkpl/benchmarks/topo-zoo/naive-reachability/Digex-reachability.nkpl,0.574781781
katch,nkpl/benchmarks/topo-zoo/naive-reachability/Easynet-reachability.nkpl,0.134632984
katch,nkpl/benchmarks/topo-zoo/naive-reachability/Eenet-reachability.nkpl,0.05620537
katch,nkpl/benchmarks/topo-zoo/naive-reachability/EliBackbone-reachability.nkpl,0.147026439
katch,nkpl/benchmarks/topo-zoo/naive-reachability/Epoch-reachability.nkpl,0.008283958
katch,nkpl/benchmarks/topo-zoo/naive-reachability/Ernet-reachability.nkpl,0.403216493
katch,nkpl/benchmarks/topo-zoo/naive-reachability/Esnet-reachability.nkpl,3.428375652
katch,nkpl/benchmarks/topo-zoo/naive-reachability/Eunetworks-reachability.nkpl,0.076652742
katch,nkpl/benchmarks/topo-zoo/naive-reachability/Evolink-reachability.nkpl,0.824130754
katch,nkpl/benchmarks/topo-zoo/naive-reachability/Fatman-reachability.nkpl,0.113289268
katch,nkpl/benchmarks/topo-zoo/naive-reachability/Fccn-reachability.nkpl,0.240829816
katch,nkpl/benchmarks/topo-zoo/naive-reachability/Forthnet-reachability.nkpl,2.804627461
katch,nkpl/benchmarks/topo-zoo/naive-reachability/Funet-reachability.nkpl,0.351171981
katch,nkpl/benchmarks/topo-zoo/naive-reachability/Gambia-reachability.nkpl,0.368362909
katch,nkpl/benchmarks/topo-zoo/naive-reachability/Garr199901-reachability.nkpl,0.080563697
katch,nkpl/benchmarks/topo-zoo/naive-reachability/Garr199904-reachability.nkpl,0.19301536
katch,nkpl/benchmarks/topo-zoo/naive-reachability/Garr199905-reachability.nkpl,0.196577754
katch,nkpl/benchmarks/topo-zoo/naive-reachability/Garr200109-reachability.nkpl,0.181671827
katch,nkpl/benchmarks/topo-zoo/naive-reachability/Garr200112-reachability.nkpl,0.219783192
katch,nkpl/benchmarks/topo-zoo/naive-reachability/Garr200212-reachability.nkpl,0.320020161
katch,nkpl/benchmarks/topo-zoo/naive-reachability/Garr200404-reachability.nkpl,0.192005042
katch,nkpl/benchmarks/topo-zoo/naive-reachability/Garr200902-reachability.nkpl,1.722596092
katch,nkpl/benchmarks/topo-zoo/naive-reachability/Garr200908-reachability.nkpl,1.710688428
katch,nkpl/benchmarks/topo-zoo/naive-reachability/Garr200909-reachability.nkpl,1.797403446
katch,nkpl/benchmarks/topo-zoo/naive-reachability/Garr200912-reachability.nkpl,1.720808132
katch,nkpl/benchmarks/topo-zoo/naive-reachability/Garr201001-reachability.nkpl,1.749597276
katch,nkpl/benchmarks/topo-zoo/naive-reachability/Garr201003-reachability.nkpl,1.739706529
katch,nkpl/benchmarks/topo-zoo/naive-reachability/Garr201004-reachability.nkpl,1.72961338
katch,nkpl/benchmarks/topo-zoo/naive-reachability/Garr201005-reachability.nkpl,1.795100698
katch,nkpl/benchmarks/topo-zoo/naive-reachability/Garr201007-reachability.nkpl,1.785426569
katch,nkpl/benchmarks/topo-zoo/naive-reachability/Garr201008-reachability.nkpl,1.993634858
katch,nkpl/benchmarks/topo-zoo/naive-reachability/Garr201010-reachability.nkpl,2.070896055
katch,nkpl/benchmarks/topo-zoo/naive-reachability/Garr201012-reachability.nkpl,1.853459987
katch,nkpl/benchmarks/topo-zoo/naive-reachability/Garr201101-reachability.nkpl,1.855092051
katch,nkpl/benchmarks/topo-zoo/naive-reachability/Garr201102-reachability.nkpl,1.967640472
katch,nkpl/benchmarks/topo-zoo/naive-reachability/Garr201103-reachability.nkpl,2.460287619
katch,nkpl/benchmarks/topo-zoo/naive-reachability/Garr201104-reachability.nkpl,2.220392564
katch,nkpl/benchmarks/topo-zoo/naive-reachability/Garr201105-reachability.nkpl,2.211462713
katch,nkpl/benchmarks/topo-zoo/naive-reachability/Garr201107-reachability.nkpl,2.199166918
katch,nkpl/benchmarks/topo-zoo/naive-reachability/Garr201108-reachability.nkpl,2.616569106
katch,nkpl/benchmarks/topo-zoo/naive-reachability/Garr201109-reachability.nkpl,2.191593521
katch,nkpl/benchmarks/topo-zoo/naive-reachability/Garr201110-reachability.nkpl,2.248353829
katch,nkpl/benchmarks/topo-zoo/naive-reachability/Garr201111-reachability.nkpl,2.423149947
katch,nkpl/benchmarks/topo-zoo/naive-reachability/Garr201112-reachability.nkpl,2.802290057
katch,nkpl/benchmarks/topo-zoo/naive-reachability/Garr201201-reachability.nkpl,2.414910118
katch,nkpl/benchmarks/topo-zoo/naive-reachability/Gblnet-reachability.nkpl,0.018794351
katch,nkpl/benchmarks/topo-zoo/naive-reachability/Geant2001-reachability.nkpl,0.308889811
katch,nkpl/benchmarks/topo-zoo/naive-reachability/Geant2009-reachability.nkpl,0.547145369
katch,nkpl/benchmarks/topo-zoo/naive-reachability/Geant2010-reachability.nkpl,0.674762265
katch,nkpl/benchmarks/topo-zoo/naive-reachability/Geant2012-reachability.nkpl,0.84372631
katch,nkpl/benchmarks/topo-zoo/naive-reachability/Getnet-reachability.nkpl,0.018071316
katch,nkpl/benchmarks/topo-zoo/naive-reachability/Globalcenter-reachability.nkpl,0.018306345
katch,nkpl/benchmarks/topo-zoo/naive-reachability/Globenet-reachability.nkpl,3.774044897
katch,nkpl/benchmarks/topo-zoo/naive-reachability/Goodnet-reachability.nkpl,0.097265074
katch,nkpl/benchmarks/topo-zoo/naive-reachability/Grena-reachability.nkpl,0.099854575
katch,nkpl/benchmarks/topo-zoo/naive-reachability/Gridnet-reachability.nkpl,0.018903068
katch,nkpl/benchmarks/topo-zoo/naive-reachability/Grnet-reachability.nkpl,0.732009953
katch,nkpl/benchmarks/topo-zoo/naive-reachability/GtsCe-reachability.nkpl,32.090119282
katch,nkpl/benchmarks/topo-zoo/naive-reachability/GtsCzechRepublic-reachability.nkpl,0.538003903
katch,nkpl/benchmarks/topo-zoo/naive-reachability/GtsHungary-reachability.nkpl,0.470767171
katch,nkpl/benchmarks/topo-zoo/naive-reachability/GtsPoland-reachability.nkpl,0.581449045
katch,nkpl/benchmarks/topo-zoo/naive-reachability/GtsRomania-reachability.nkpl,0.170505864
katch,nkpl/benchmarks/topo-zoo/naive-reachability/GtsSlovakia-reachability.nkpl,0.724020516
katch,nkpl/benchmarks/topo-zoo/naive-reachability/Harnet-reachability.nkpl,0.19615933
katch,nkpl/benchmarks/topo-zoo/naive-reachability/Heanet-reachability.nkpl,0.014130455
katch,nkpl/benchmarks/topo-zoo/naive-reachability/HiberniaCanada-reachability.nkpl,0.064644939
katch,nkpl/benchmarks/topo-zoo/naive-reachability/HiberniaGlobal-reachability.nkpl,2.333184189
katch,nkpl/benchmarks/topo-zoo/naive-reachability/HiberniaIreland-reachability.nkpl,0.016892722
katch,nkpl/benchmarks/topo-zoo/naive-reachability/HiberniaNireland-reachability.nkpl,0.124371441
katch,nkpl/benchmarks/topo-zoo/naive-reachability/HiberniaUk-reachability.nkpl,0.083386463
katch,nkpl/benchmarks/topo-zoo/naive-reachability/HiberniaUs-reachability.nkpl,0.21680544
katch,nkpl/benchmarks/topo-zoo/naive-reachability/Highwinds-reachability.nkpl,0.125655691
katch,nkpl/benchmarks/topo-zoo/naive-reachability/HostwayInternational-reachability.nkpl,0.094754751
katch,nkpl/benchmarks/topo-zoo/naive-reachability/HurricaneElectric-reachability.nkpl,0.220199684
katch,nkpl/benchmarks/topo-zoo/naive-reachability/Ibm-reachability.nkpl,0.109392577
katch,nkpl/benchmarks/topo-zoo/naive-reachability/Iij-reachability.nkpl,0.691982203
katch,nkpl/benchmarks/topo-zoo/naive-reachability/Iinet-reachability.nkpl,0.427760447
katch,nkpl/benchmarks/topo-zoo/naive-reachability/Ilan-reachability.nkpl,0.069460747
katch,nkpl/benchmarks/topo-zoo/naive-reachability/Integra-reachability.nkpl,0.303016507
katch,nkpl/benchmarks/topo-zoo/naive-reachability/Intellifiber-reachability.nkpl,4.538120141
katch,nkpl/benchmarks/topo-zoo/naive-reachability/Internetmci-reachability.nkpl,0.157305061
katch,nkpl/benchmarks/topo-zoo/naive-reachability/Internode-reachability.nkpl,3.090513697
katch,nkpl/benchmarks/topo-zoo/naive-reachability/Interoute-reachability.nkpl,14.071012013
katch,nkpl/benchmarks/topo-zoo/naive-reachability/Intranetwork-reachability.nkpl,1.03436489
katch,nkpl/benchmarks/topo-zoo/naive-reachability/Ion-reachability.nkpl,22.772964919
katch,nkpl/benchmarks/topo-zoo/naive-reachability/IowaStatewideFiberMap-reachability.nkpl,0.590623283
katch,nkpl/benchmarks/topo-zoo/naive-reachability/Iris-reachability.nkpl,1.690881553
katch,nkpl/benchmarks/topo-zoo/naive-reachability/Istar-reachability.nkpl,0.208153596
katch,nkpl/benchmarks/topo-zoo/naive-reachability/Itnet-reachability.nkpl,0.035809939
katch,nkpl/benchmarks/topo-zoo/naive-reachability/JanetExternal-reachability.nkpl,0.045285955
katch,nkpl/benchmarks/topo-zoo/naive-reachability/Janetbackbone-reachability.nkpl,0.350973899
katch,nkpl/benchmarks/topo-zoo/naive-reachability/Janetlense-reachability.nkpl,0.153038565
katch,nkpl/benchmarks/topo-zoo/naive-reachability/Jgn2Plus-reachability.nkpl,0.134660598
katch,nkpl/benchmarks/topo-zoo/naive-reachability/Karen-reachability.nkpl,0.26062046
katch,nkpl/benchmarks/topo-zoo/naive-reachability/KentmanApr2007-reachability.nkpl,0.213050524
katch,nkpl/benchmarks/topo-zoo/naive-reachability/KentmanAug2005-reachability.nkpl,0.423843485
katch,nkpl/benchmarks/topo-zoo/naive-reachability/KentmanFeb2008-reachability.nkpl,0.332978392
katch,nkpl/benchmarks/topo-zoo/naive-reachability/KentmanJan2011-reachability.nkpl,0.884542607
katch,nkpl/benchmarks/topo-zoo/naive-reachability/KentmanJul2005-reachability.nkpl,0.088747661
katch,nkpl/benchmarks/topo-zoo/naive-reachability/Kreonet-reachability.nkpl,0.05329906
katch,nkpl/benchmarks/topo-zoo/naive-reachability/LambdaNet-reachability.nkpl,1.243216608
katch,nkpl/benchmarks/topo-zoo/naive-reachability/Latnet-reachability.nkpl,4.676398118
katch,nkpl/benchmarks/topo-zoo/naive-reachability/Layer42-reachability.nkpl,0.008423717
katch,nkpl/benchmarks/topo-zoo/naive-reachability/Litnet-reachability.nkpl,0.947674941
katch,nkpl/benchmarks/topo-zoo/naive-reachability/Marnet-reachability.nkpl,0.165694907
katch,nkpl/benchmarks/topo-zoo/naive-reachability/Marwan-reachability.nkpl,0.086947122
katch,nkpl/benchmarks/topo-zoo/naive-reachability/Missouri-reachability.nkpl,3.675631834
katch,nkpl/benchmarks/topo-zoo/naive-reachability/Mren-reachability.nkpl,0.008645029
katch,nkpl/benchmarks/topo-zoo/naive-reachability/Myren-reachability.nkpl,0.675477197
katch,nkpl/benchmarks/topo-zoo/naive-reachability/Napnet-reachability.nkpl,0.008360433
katch,nkpl/benchmarks/topo-zoo/naive-reachability/Navigata-reachability.nkpl,0.052660862
katch,nkpl/benchmarks/topo-zoo/naive-reachability/Netrail-reachability.nkpl,0.01141883
katch,nkpl/benchmarks/topo-zoo/naive-reachability/NetworkUsa-reachability.nkpl,0.729462305
katch,nkpl/benchmarks/topo-zoo/naive-reachability/Nextgen-reachability.nkpl,0.124959748
katch,nkpl/benchmarks/topo-zoo/naive-reachability/Niif-reachability.nkpl,0.705599915
katch,nkpl/benchmarks/topo-zoo/naive-reachability/Noel-reachability.nkpl,0.129615931
katch,nkpl/benchmarks/topo-zoo/naive-reachability/Nordu1989-reachability.nkpl,0.012238357
katch,nkpl/benchmarks/topo-zoo/naive-reachability/Nordu1997-reachability.nkpl,0.064295106
katch,nkpl/benchmarks/topo-zoo/naive-reachability/Nordu2005-reachability.nkpl,0.022347032
katch,nkpl/benchmarks/topo-zoo/naive-reachability/Nordu2010-reachability.nkpl,0.11646382
katch,nkpl/benchmarks/topo-zoo/naive-reachability/Nsfcnet-reachability.nkpl,0.028310413
katch,nkpl/benchmarks/topo-zoo/naive-reachability/Nsfnet-reachability.nkpl,0.050788098
katch,nkpl/benchmarks/topo-zoo/naive-reachability/Ntelos-reachability.nkpl,1.756351468
katch,nkpl/benchmarks/topo-zoo/naive-reachability/Ntt-reachability.nkpl,1.032481813
katch,nkpl/benchmarks/topo-zoo/naive-reachability/Oteglobe-reachability.nkpl,8.208181475
katch,nkpl/benchmarks/topo-zoo/naive-reachability/Oxford-reachability.nkpl,0.15491209
katch,nkpl/benchmarks/topo-zoo/naive-reachability/Pacificwave-reachability.nkpl,0.115052656
katch,nkpl/benchmarks/topo-zoo/naive-reachability/Packetexchange-reachability.nkpl,0.177788289
katch,nkpl/benchmarks/topo-zoo/naive-reachability/Padi-reachability.nkpl,0.039448697
katch,nkpl/benchmarks/topo-zoo/naive-reachability/Palmetto-reachability.nkpl,1.288679126
katch,nkpl/benchmarks/topo-zoo/naive-reachability/Peer1-reachability.nkpl,0.084048641
katch,nkpl/benchmarks/topo-zoo/naive-reachability/Pern-reachability.nkpl,21.428424319
katch,nkpl/benchmarks/topo-zoo/naive-reachability/PionierL1-reachability.nkpl,0.710953827
katch,nkpl/benchmarks/topo-zoo/naive-reachability/PionierL3-reachability.nkpl,0.83795114
katch,nkpl/benchmarks/topo-zoo/naive-reachability/Psinet-reachability.nkpl,0.335849155
katch,nkpl/benchmarks/topo-zoo/naive-reachability/Quest-reachability.nkpl,0.170551881
katch,nkpl/benchmarks/topo-zoo/naive-reachability/RedBestel-reachability.nkpl,9.090936544
katch,nkpl/benchmarks/topo-zoo/naive-reachability/Rediris-reachability.nkpl,0.126516697
katch,nkpl/benchmarks/topo-zoo/naive-reachability/Renam-reachability.nkpl,0.0054353
katch,nkpl/benchmarks/topo-zoo/naive-reachability/Renater1999-reachability.nkpl,0.252733289
katch,nkpl/benchmarks/topo-zoo/naive-reachability/Renater2001-reachability.nkpl,0.232985857
katch,nkpl/benchmarks/topo-zoo/naive-reachability/Renater2004-reachability.nkpl,0.419053098
katch,nkpl/benchmarks/topo-zoo/naive-reachability/Renater2006-reachability.nkpl,0.516615333
katch,nkpl/benchmarks/topo-zoo/naive-reachability/Renater2008-reachability.nkpl,0.621875806
katch,nkpl/benchmarks/topo-zoo/naive-reachability/Renater2010-reachability.nkpl,1.24879904
katch,nkpl/benchmarks/topo-zoo/naive-reachability/Restena-reachability.nkpl,0.151121713
katch,nkpl/benchmarks/topo-zoo/naive-reachability/Reuna-reachability.nkpl,0.849709579
katch,nkpl/benchmarks/topo-zoo/naive-reachability/Rhnet-reachability.nkpl,0.096374161
katch,nkpl/benchmarks/topo-zoo/naive-reachability/Rnp-reachability.nkpl,0.507552157
katch,nkpl/benchmarks/topo-zoo/naive-reachability/Roedunet-reachability.nkpl,0.928347293
katch,nkpl/benchmarks/topo-zoo/naive-reachability/RoedunetFibre-reachability.nkpl,1.513358015
katch,nkpl/benchmarks/topo-zoo/naive-reachability/Sago-reachability.nkpl,0.16406274
katch,nkpl/benchmarks/topo-zoo/naive-reachability/Sanet-reachability.nkpl,1.261462678
katch,nkpl/benchmarks/topo-zoo/naive-reachability/Sanren-reachability.nkpl,0.01146539
katch,nkpl/benchmarks/topo-zoo/naive-reachability/Savvis-reachability.nkpl,0.141213829
katch,nkpl/benchmarks/topo-zoo/naive-reachability/Shentel-reachability.nkpl,0.392049682
katch,nkpl/benchmarks/topo-zoo/naive-reachability/Sinet-reachability.nkpl,4.422316215
katch,nkpl/benchmarks/topo-zoo/naive-reachability/Singaren-reachability.nkpl,0.035590972
katch,nkpl/benchmarks/topo-zoo/naive-reachability/Spiralight-reachability.nkpl,0.082462345
katch,nkpl/benchmarks/topo-zoo/naive-reachability/Sprint-reachability.nkpl,0.03301964
katch,nkpl/benchmarks/topo-zoo/naive-reachability/Sunet-reachability.nkpl,0.366866312
katch,nkpl/benchmarks/topo-zoo/naive-reachability/Surfnet-reachability.nkpl,1.613648757
katch,nkpl/benchmarks/topo-zoo/naive-reachability/Switch-reachability.nkpl,4.73152371
katch,nkpl/benchmarks/topo-zoo/naive-reachability/SwitchL3-reachability.nkpl,0.884311383
katch,nkpl/benchmarks/topo-zoo/naive-reachability/Syringa-reachability.nkpl,7.324444151
katch,nkpl/benchmarks/topo-zoo/naive-reachability/TLex-reachability.nkpl,0.043244211
katch,nkpl/benchmarks/topo-zoo/naive-reachability/TataNld-reachability.nkpl,31.374814385
katch,nkpl/benchmarks/topo-zoo/naive-reachability/Telcove-reachability.nkpl,4.529434474
katch,nkpl/benchmarks/topo-zoo/naive-reachability/Telecomserbia-reachability.nkpl,0.007620021
katch,nkpl/benchmarks/topo-zoo/naive-reachability/Tinet-reachability.nkpl,1.700936111
katch,nkpl/benchmarks/topo-zoo/naive-reachability/Tw-reachability.nkpl,4.439699072
katch,nkpl/benchmarks/topo-zoo/naive-reachability/Twaren-reachability.nkpl,0.147010458
katch,nkpl/benchmarks/topo-zoo/naive-reachability/Ulaknet-reachability.nkpl,12.477105697
katch,nkpl/benchmarks/topo-zoo/naive-reachability/UniC-reachability.nkpl,0.302410403
katch,nkpl/benchmarks/topo-zoo/naive-reachability/Uninet-reachability.nkpl,0.053777743
katch,nkpl/benchmarks/topo-zoo/naive-reachability/Uninett2010-reachability.nkpl,3.981965996
katch,nkpl/benchmarks/topo-zoo/naive-reachability/Uninett2011-reachability.nkpl,3.59167246
katch,nkpl/benchmarks/topo-zoo/naive-reachability/Uran-reachability.nkpl,0.25893346
katch,nkpl/benchmarks/topo-zoo/naive-reachability/UsCarrier-reachability.nkpl,43.671113692
katch,nkpl/benchmarks/topo-zoo/naive-reachability/UsSignal-reachability.nkpl,3.115952201
katch,nkpl/benchmarks/topo-zoo/naive-reachability/Uunet-reachability.nkpl,1.312777398
katch,nkpl/benchmarks/topo-zoo/naive-reachability/Vinaren-reachability.nkpl,0.252263227
katch,nkpl/benchmarks/topo-zoo/naive-reachability/VisionNet-reachability.nkpl,0.29622353
katch,nkpl/benchmarks/topo-zoo/naive-reachability/VtlWavenet2008-reachability.nkpl,11.157322008
katch,nkpl/benchmarks/topo-zoo/naive-reachability/VtlWavenet2011-reachability.nkpl,12.805978073
katch,nkpl/benchmarks/topo-zoo/naive-reachability/WideJpn-reachability.nkpl,0.400804367
katch,nkpl/benchmarks/topo-zoo/naive-reachability/Xeex-reachability.nkpl,0.242012042
katch,nkpl/benchmarks/topo-zoo/naive-reachability/Xspedius-reachability.nkpl,0.555444686
katch,nkpl/benchmarks/topo-zoo/naive-reachability/York-reachability.nkpl,0.28425237
katch,nkpl/benchmarks/topo-zoo/naive-reachability/Zamren-reachability.nkpl,0.831640652
frenetic,nkpl/benchmarks/topo-zoo/naive-reachability/Aarnet-reachability.nkpl,271.58
frenetic,nkpl/benchmarks/topo-zoo/naive-reachability/Abilene-reachability.nkpl,12.78
frenetic,nkpl/benchmarks/topo-zoo/naive-reachability/Abvt-reachability.nkpl,timeout (300s)
frenetic,nkpl/benchmarks/topo-zoo/naive-reachability/Aconet-reachability.nkpl,timeout (300s)
frenetic,nkpl/benchmarks/large/Deltacom_slicing.nkpl,7069.54
frenetic,nkpl/benchmarks/topo-zoo/naive-reachability/Agis-reachability.nkpl,timeout (300s)
frenetic,nkpl/benchmarks/topo-zoo/naive-reachability/Ai3-reachability.nkpl,9.33
frenetic,nkpl/benchmarks/topo-zoo/naive-reachability/Airtel-reachability.nkpl,195.12
frenetic,nkpl/benchmarks/topo-zoo/naive-reachability/Amres-reachability.nkpl,timeout (300s)
frenetic,nkpl/benchmarks/topo-zoo/naive-reachability/Ans-reachability.nkpl,228.42
frenetic,nkpl/benchmarks/topo-zoo/naive-reachability/Arn-reachability.nkpl,timeout (300s)
frenetic,nkpl/benchmarks/topo-zoo/naive-reachability/Arnes-reachability.nkpl,timeout (300s)
frenetic,nkpl/benchmarks/topo-zoo/naive-reachability/Arpanet196912-reachability.nkpl,0.30
frenetic,nkpl/benchmarks/topo-zoo/naive-reachability/Arpanet19706-reachability.nkpl,5.17
frenetic,nkpl/benchmarks/topo-zoo/naive-reachability/Arpanet19719-reachability.nkpl,195.82
frenetic,nkpl/benchmarks/topo-zoo/naive-reachability/Arpanet19723-reachability.nkpl,timeout (300s)
frenetic,nkpl/benchmarks/topo-zoo/naive-reachability/Arpanet19728-reachability.nkpl,timeout (300s)
frenetic,nkpl/benchmarks/topo-zoo/naive-reachability/AsnetAm-reachability.nkpl,timeout (300s)
frenetic,nkpl/benchmarks/topo-zoo/naive-reachability/Atmnet-reachability.nkpl,timeout (300s)
frenetic,nkpl/benchmarks/topo-zoo/naive-reachability/AttMpls-reachability.nkpl,timeout (300s)
frenetic,nkpl/benchmarks/topo-zoo/naive-reachability/Azrena-reachability.nkpl,timeout (300s)
frenetic,nkpl/benchmarks/topo-zoo/naive-reachability/Bandcon-reachability.nkpl,timeout (300s)
frenetic,nkpl/benchmarks/topo-zoo/naive-reachability/Basnet-reachability.nkpl,2.01
frenetic,nkpl/benchmarks/topo-zoo/naive-reachability/Bbnplanet-reachability.nkpl,timeout (300s)
frenetic,nkpl/benchmarks/topo-zoo/naive-reachability/Bellcanada-reachability.nkpl,timeout (300s)
frenetic,nkpl/benchmarks/topo-zoo/naive-reachability/Bellsouth-reachability.nkpl,timeout (300s)
frenetic,nkpl/benchmarks/topo-zoo/naive-reachability/Belnet2003-reachability.nkpl,timeout (300s)
frenetic,nkpl/benchmarks/topo-zoo/naive-reachability/Belnet2004-reachability.nkpl,timeout (300s)
frenetic,nkpl/benchmarks/topo-zoo/naive-reachability/Belnet2005-reachability.nkpl,timeout (300s)
frenetic,nkpl/benchmarks/topo-zoo/naive-reachability/Belnet2006-reachability.nkpl,timeout (300s)
frenetic,nkpl/benchmarks/topo-zoo/naive-reachability/Belnet2007-reachability.nkpl,timeout (300s)
frenetic,nkpl/benchmarks/topo-zoo/naive-reachability/Belnet2008-reachability.nkpl,timeout (300s)
frenetic,nkpl/benchmarks/topo-zoo/naive-reachability/Belnet2009-reachability.nkpl,timeout (300s)
frenetic,nkpl/benchmarks/topo-zoo/naive-reachability/Belnet2010-reachability.nkpl,timeout (300s)
frenetic,nkpl/benchmarks/topo-zoo/naive-reachability/BeyondTheNetwork-reachability.nkpl,timeout (300s)
frenetic,nkpl/benchmarks/topo-zoo/naive-reachability/Bics-reachability.nkpl,timeout (300s)
frenetic,nkpl/benchmarks/topo-zoo/naive-reachability/Biznet-reachability.nkpl,timeout (300s)
frenetic,nkpl/benchmarks/large/ft8_reachability.nkpl,14984.44
frenetic,nkpl/benchmarks/topo-zoo/naive-reachability/Bren-reachability.nkpl,timeout (300s)
frenetic,nkpl/benchmarks/topo-zoo/naive-reachability/BsonetEurope-reachability.nkpl,248.80
frenetic,nkpl/benchmarks/topo-zoo/naive-reachability/BtAsiaPac-reachability.nkpl,timeout (300s)
frenetic,nkpl/benchmarks/topo-zoo/naive-reachability/BtEurope-reachability.nkpl,timeout (300s)
frenetic,nkpl/benchmarks/topo-zoo/naive-reachability/BtLatinAmerica-reachability.nkpl,timeout (300s)
frenetic,nkpl/benchmarks/large/ft8_unreachability.nkpl,16452.51
frenetic,nkpl/benchmarks/topo-zoo/naive-reachability/BtNorthAmerica-reachability.nkpl,timeout (300s)
frenetic,nkpl/benchmarks/topo-zoo/naive-reachability/Canerie-reachability.nkpl,timeout (300s)
frenetic,nkpl/benchmarks/topo-zoo/naive-reachability/Carnet-reachability.nkpl,timeout (300s)
frenetic,nkpl/benchmarks/topo-zoo/naive-reachability/Cernet-reachability.nkpl,timeout (300s)
frenetic,nkpl/benchmarks/topo-zoo/naive-reachability/Cesnet1993-reachability.nkpl,9.44
frenetic,nkpl/benchmarks/topo-zoo/naive-reachability/Cesnet1997-reachability.nkpl,35.05
frenetic,nkpl/benchmarks/topo-zoo/naive-reachability/Cesnet1999-reachability.nkpl,38.99
frenetic,nkpl/benchmarks/topo-zoo/naive-reachability/Cesnet2001-reachability.nkpl,timeout (300s)
frenetic,nkpl/benchmarks/topo-zoo/naive-reachability/Cesnet200304-reachability.nkpl,timeout (300s)
frenetic,nkpl/benchmarks/topo-zoo/naive-reachability/Cesnet200511-reachability.nkpl,timeout (300s)
frenetic,nkpl/benchmarks/topo-zoo/naive-reachability/Cesnet200603-reachability.nkpl,timeout (300s)
frenetic,nkpl/benchmarks/topo-zoo/naive-reachability/Cesnet200706-reachability.nkpl,timeout (300s)
frenetic,nkpl/benchmarks/topo-zoo/naive-reachability/Cesnet201006-reachability.nkpl,timeout (300s)
frenetic,nkpl/benchmarks/topo-zoo/naive-reachability/Chinanet-reachability.nkpl,timeout (300s)
frenetic,nkpl/benchmarks/topo-zoo/naive-reachability/Claranet-reachability.nkpl,82.76
frenetic,nkpl/benchmarks/topo-zoo/naive-reachability/Cogentco-reachability.nkpl,timeout (300s)
frenetic,nkpl/benchmarks/topo-zoo/naive-reachability/Colt-reachability.nkpl,timeout (300s)
frenetic,nkpl/benchmarks/topo-zoo/naive-reachability/Columbus-reachability.nkpl,timeout (300s)
frenetic,nkpl/benchmarks/topo-zoo/naive-reachability/Compuserve-reachability.nkpl,62.47
frenetic,nkpl/benchmarks/topo-zoo/naive-reachability/CrlNetworkServices-reachability.nkpl,timeout (300s)
frenetic,nkpl/benchmarks/topo-zoo/naive-reachability/Cudi-reachability.nkpl,timeout (300s)
frenetic,nkpl/benchmarks/topo-zoo/naive-reachability/Cwix-reachability.nkpl,timeout (300s)
frenetic,nkpl/benchmarks/topo-zoo/naive-reachability/Cynet-reachability.nkpl,timeout (300s)
frenetic,nkpl/benchmarks/topo-zoo/naive-reachability/Darkstrand-reachability.nkpl,timeout (300s)
frenetic,nkpl/benchmarks/topo-zoo/naive-reachability/Dataxchange-reachability.nkpl,1.19
frenetic,nkpl/benchmarks/large/Cogentco_reachability.nkpl,22581.39
frenetic,nkpl/benchmarks/topo-zoo/naive-reachability/Deltacom-reachability.nkpl,timeout (300s)
frenetic,nkpl/benchmarks/topo-zoo/naive-reachability/DeutscheTelekom-reachability.nkpl,timeout (300s)
frenetic,nkpl/benchmarks/topo-zoo/naive-reachability/Dfn-reachability.nkpl,timeout (300s)
frenetic,nkpl/benchmarks/large/Cogentco_unreachability.nkpl,23300.87
frenetic,nkpl/benchmarks/topo-zoo/naive-reachability/DialtelecomCz-reachability.nkpl,timeout (300s)
frenetic,nkpl/benchmarks/topo-zoo/naive-reachability/Digex-reachability.nkpl,timeout (300s)
frenetic,nkpl/benchmarks/topo-zoo/naive-reachability/Easynet-reachability.nkpl,timeout (300s)
frenetic,nkpl/benchmarks/topo-zoo/naive-reachability/Eenet-reachability.nkpl,45.15
frenetic,nkpl/benchmarks/topo-zoo/naive-reachability/EliBackbone-reachability.nkpl,timeout (300s)
frenetic,nkpl/benchmarks/topo-zoo/naive-reachability/Epoch-reachability.nkpl,0.91
frenetic,nkpl/benchmarks/topo-zoo/naive-reachability/Ernet-reachability.nkpl,timeout (300s)
frenetic,nkpl/benchmarks/topo-zoo/naive-reachability/Esnet-reachability.nkpl,timeout (300s)
frenetic,nkpl/benchmarks/topo-zoo/naive-reachability/Eunetworks-reachability.nkpl,51.63
frenetic,nkpl/benchmarks/topo-zoo/naive-reachability/Evolink-reachability.nkpl,timeout (300s)
frenetic,nkpl/benchmarks/topo-zoo/naive-reachability/Fatman-reachability.nkpl,180.77
frenetic,nkpl/benchmarks/topo-zoo/naive-reachability/Fccn-reachability.nkpl,timeout (300s)
frenetic,nkpl/benchmarks/topo-zoo/naive-reachability/Forthnet-reachability.nkpl,timeout (300s)
frenetic,nkpl/benchmarks/topo-zoo/naive-reachability/Funet-reachability.nkpl,timeout (300s)
frenetic,nkpl/benchmarks/topo-zoo/naive-reachability/Gambia-reachability.nkpl,timeout (300s)
frenetic,nkpl/benchmarks/topo-zoo/naive-reachability/Garr199901-reachability.nkpl,129.77
katch,nkpl/benchmarks/topo-zoo/kdl/Kdl-reachability.nkpl,3899.050127191
frenetic,nkpl/benchmarks/topo-zoo/naive-reachability/Garr199904-reachability.nkpl,timeout (300s)
katch,nkpl/benchmarks/topo-zoo/linear-reachability/Aarnet.nkpl,0.521358796
katch,nkpl/benchmarks/topo-zoo/linear-reachability/Abilene.nkpl,0.049295206
katch,nkpl/benchmarks/topo-zoo/linear-reachability/Abvt.nkpl,0.104728744
katch,nkpl/benchmarks/topo-zoo/linear-reachability/Aconet.nkpl,0.093159726
katch,nkpl/benchmarks/topo-zoo/linear-reachability/Agis.nkpl,0.076066891
katch,nkpl/benchmarks/topo-zoo/linear-reachability/Ai3.nkpl,0.017628838
katch,nkpl/benchmarks/topo-zoo/linear-reachability/Airtel.nkpl,0.046807036
katch,nkpl/benchmarks/topo-zoo/linear-reachability/Amres.nkpl,0.060340053
katch,nkpl/benchmarks/topo-zoo/linear-reachability/Ans.nkpl,0.037065576
katch,nkpl/benchmarks/topo-zoo/linear-reachability/Arn.nkpl,0.110607255
katch,nkpl/benchmarks/topo-zoo/linear-reachability/Arnes.nkpl,0.137396996
katch,nkpl/benchmarks/topo-zoo/linear-reachability/Arpanet196912.nkpl,0.005886492
katch,nkpl/benchmarks/topo-zoo/linear-reachability/Arpanet19706.nkpl,0.013384322
katch,nkpl/benchmarks/topo-zoo/linear-reachability/Arpanet19719.nkpl,0.040236088
katch,nkpl/benchmarks/topo-zoo/linear-reachability/Arpanet19723.nkpl,0.070752089
katch,nkpl/benchmarks/topo-zoo/linear-reachability/Arpanet19728.nkpl,0.070193689
katch,nkpl/benchmarks/topo-zoo/linear-reachability/AsnetAm.nkpl,0.264965076
katch,nkpl/benchmarks/topo-zoo/linear-reachability/Atmnet.nkpl,0.033683994
katch,nkpl/benchmarks/topo-zoo/linear-reachability/AttMpls.nkpl,0.051185809
katch,nkpl/benchmarks/topo-zoo/linear-reachability/Azrena.nkpl,0.032941322
frenetic,nkpl/benchmarks/topo-zoo/naive-reachability/Garr199905-reachability.nkpl,timeout (300s)
frenetic,nkpl/benchmarks/topo-zoo/naive-reachability/Garr200109-reachability.nkpl,timeout (300s)
frenetic,nkpl/benchmarks/topo-zoo/naive-reachability/Garr200112-reachability.nkpl,timeout (300s)
frenetic,nkpl/benchmarks/topo-zoo/naive-reachability/Garr200212-reachability.nkpl,timeout (300s)
katch,nkpl/benchmarks/combinatorial/inc1.nkpl,0.202287481
katch,nkpl/benchmarks/combinatorial/inc10.nkpl,0.103856648
katch,nkpl/benchmarks/combinatorial/inc100.nkpl,0.962762293
katch,nkpl/benchmarks/combinatorial/inc11.nkpl,0.014560697
katch,nkpl/benchmarks/combinatorial/inc12.nkpl,0.012017103
katch,nkpl/benchmarks/combinatorial/inc13.nkpl,0.012948421
katch,nkpl/benchmarks/combinatorial/inc14.nkpl,0.014412532
katch,nkpl/benchmarks/combinatorial/inc15.nkpl,0.016209344
katch,nkpl/benchmarks/combinatorial/inc16.nkpl,0.021010055
katch,nkpl/benchmarks/combinatorial/inc17.nkpl,0.021315417
katch,nkpl/benchmarks/combinatorial/inc18.nkpl,0.046914864
katch,nkpl/benchmarks/combinatorial/inc19.nkpl,0.024964038
katch,nkpl/benchmarks/combinatorial/inc2.nkpl,0.002428723
katch,nkpl/benchmarks/combinatorial/inc20.nkpl,0.027074537
katch,nkpl/benchmarks/combinatorial/inc21.nkpl,0.029821161
katch,nkpl/benchmarks/combinatorial/inc22.nkpl,0.030557162
katch,nkpl/benchmarks/combinatorial/inc23.nkpl,0.057538567
katch,nkpl/benchmarks/combinatorial/inc24.nkpl,0.057652606
katch,nkpl/benchmarks/combinatorial/inc25.nkpl,0.064349803
katch,nkpl/benchmarks/combinatorial/inc26.nkpl,0.067710128
katch,nkpl/benchmarks/combinatorial/inc27.nkpl,0.075079004
katch,nkpl/benchmarks/combinatorial/inc28.nkpl,0.078164472
katch,nkpl/benchmarks/combinatorial/inc29.nkpl,0.059665733
katch,nkpl/benchmarks/combinatorial/inc3.nkpl,0.001823753
katch,nkpl/benchmarks/combinatorial/inc30.nkpl,0.04684601
katch,nkpl/benchmarks/combinatorial/inc31.nkpl,0.050866796
katch,nkpl/benchmarks/combinatorial/inc32.nkpl,0.067856735
katch,nkpl/benchmarks/combinatorial/inc33.nkpl,0.107597349
katch,nkpl/benchmarks/combinatorial/inc34.nkpl,0.075520325
katch,nkpl/benchmarks/combinatorial/inc35.nkpl,0.063719904
katch,nkpl/benchmarks/combinatorial/inc36.nkpl,0.068335325
katch,nkpl/benchmarks/combinatorial/inc37.nkpl,0.079461536
katch,nkpl/benchmarks/combinatorial/inc38.nkpl,0.129863532
katch,nkpl/benchmarks/combinatorial/inc39.nkpl,0.082519098
katch,nkpl/benchmarks/combinatorial/inc4.nkpl,0.00291166
katch,nkpl/benchmarks/combinatorial/inc40.nkpl,0.131963969
katch,nkpl/benchmarks/combinatorial/inc41.nkpl,0.087907043
katch,nkpl/benchmarks/combinatorial/inc42.nkpl,0.104262205
katch,nkpl/benchmarks/combinatorial/inc43.nkpl,0.196379506
katch,nkpl/benchmarks/combinatorial/inc44.nkpl,0.190678778
katch,nkpl/benchmarks/combinatorial/inc45.nkpl,0.197574375
katch,nkpl/benchmarks/combinatorial/inc46.nkpl,0.208459087
katch,nkpl/benchmarks/combinatorial/inc47.nkpl,0.212891376
katch,nkpl/benchmarks/combinatorial/inc48.nkpl,0.161102791
katch,nkpl/benchmarks/combinatorial/inc49.nkpl,0.123549397
katch,nkpl/benchmarks/combinatorial/inc5.nkpl,0.002399628
katch,nkpl/benchmarks/combinatorial/inc50.nkpl,0.127126017
katch,nkpl/benchmarks/combinatorial/inc51.nkpl,0.135703836
katch,nkpl/benchmarks/combinatorial/inc52.nkpl,0.241923656
katch,nkpl/benchmarks/combinatorial/inc53.nkpl,0.146315882
katch,nkpl/benchmarks/combinatorial/inc54.nkpl,0.148646147
katch,nkpl/benchmarks/combinatorial/inc55.nkpl,0.184915305
katch,nkpl/benchmarks/combinatorial/inc56.nkpl,0.245299112
katch,nkpl/benchmarks/combinatorial/inc57.nkpl,0.224067216
katch,nkpl/benchmarks/combinatorial/inc58.nkpl,0.20967956
katch,nkpl/benchmarks/combinatorial/inc59.nkpl,0.223709362
katch,nkpl/benchmarks/combinatorial/inc6.nkpl,0.002950509
katch,nkpl/benchmarks/combinatorial/inc60.nkpl,0.189055513
katch,nkpl/benchmarks/combinatorial/inc61.nkpl,0.313710112
katch,nkpl/benchmarks/combinatorial/inc62.nkpl,0.31704936
katch,nkpl/benchmarks/combinatorial/inc63.nkpl,0.326086004
katch,nkpl/benchmarks/combinatorial/inc64.nkpl,0.3361203
katch,nkpl/benchmarks/combinatorial/inc65.nkpl,0.347980449
katch,nkpl/benchmarks/combinatorial/inc66.nkpl,0.279110421
katch,nkpl/benchmarks/combinatorial/inc67.nkpl,0.218804174
katch,nkpl/benchmarks/combinatorial/inc68.nkpl,0.229929035
katch,nkpl/benchmarks/combinatorial/inc69.nkpl,0.235702055
katch,nkpl/benchmarks/combinatorial/inc7.nkpl,0.005238144
katch,nkpl/benchmarks/combinatorial/inc70.nkpl,0.349815328
katch,nkpl/benchmarks/combinatorial/inc71.nkpl,0.255262067
katch,nkpl/benchmarks/combinatorial/inc72.nkpl,0.252553136
katch,nkpl/benchmarks/combinatorial/inc73.nkpl,0.2659315
katch,nkpl/benchmarks/combinatorial/inc74.nkpl,0.388054101
katch,nkpl/benchmarks/combinatorial/inc75.nkpl,0.426170945
katch,nkpl/benchmarks/combinatorial/inc76.nkpl,0.383440563
katch,nkpl/benchmarks/combinatorial/inc77.nkpl,0.390211642
katch,nkpl/benchmarks/combinatorial/inc78.nkpl,0.321095173
katch,nkpl/benchmarks/combinatorial/inc79.nkpl,0.427856778
katch,nkpl/benchmarks/combinatorial/inc8.nkpl,0.007159052
katch,nkpl/benchmarks/combinatorial/inc80.nkpl,0.530153888
katch,nkpl/benchmarks/combinatorial/inc81.nkpl,0.541729221
katch,nkpl/benchmarks/combinatorial/inc82.nkpl,0.555611382
katch,nkpl/benchmarks/combinatorial/inc83.nkpl,0.579846206
katch,nkpl/benchmarks/combinatorial/inc84.nkpl,0.580205764
katch,nkpl/benchmarks/combinatorial/inc85.nkpl,0.592002014
katch,nkpl/benchmarks/combinatorial/inc86.nkpl,0.619318637
katch,nkpl/benchmarks/combinatorial/inc87.nkpl,0.620496594
katch,nkpl/benchmarks/combinatorial/inc88.nkpl,0.603474009
katch,nkpl/benchmarks/combinatorial/inc89.nkpl,0.551673311
katch,nkpl/benchmarks/combinatorial/inc9.nkpl,0.006488111
katch,nkpl/benchmarks/combinatorial/inc90.nkpl,0.581753799
katch,nkpl/benchmarks/combinatorial/inc91.nkpl,0.679098551
katch,nkpl/benchmarks/combinatorial/inc92.nkpl,0.697128957
katch,nkpl/benchmarks/combinatorial/inc93.nkpl,0.726184936
katch,nkpl/benchmarks/combinatorial/inc94.nkpl,0.799375095
katch,nkpl/benchmarks/combinatorial/inc95.nkpl,0.776040408
katch,nkpl/benchmarks/combinatorial/inc96.nkpl,0.765666271
katch,nkpl/benchmarks/combinatorial/inc97.nkpl,0.773428225
katch,nkpl/benchmarks/combinatorial/inc98.nkpl,0.797798368
katch,nkpl/benchmarks/combinatorial/inc99.nkpl,0.805366869
