katch,nkpl/fig09/naive-reachability/Aarnet-reachability.nkpl,0.181799418
frenetic,nkpl/fig09/naive-reachability/Aarnet-reachability.nkpl,271.47
katch,nkpl/fig09/naive-reachability/Abilene-reachability.nkpl,0.126758391
frenetic,nkpl/fig09/naive-reachability/Abilene-reachability.nkpl,12.66
katch,nkpl/fig09/naive-reachability/Abvt-reachability.nkpl,0.237228
frenetic,nkpl/fig09/naive-reachability/Abvt-reachability.nkpl,timeout (300s)
katch,nkpl/fig09/naive-reachability/Aconet-reachability.nkpl,0.280928517
frenetic,nkpl/fig09/naive-reachability/Aconet-reachability.nkpl,timeout (300s)
katch,nkpl/fig09/naive-reachability/Agis-reachability.nkpl,0.2515288
frenetic,nkpl/fig09/naive-reachability/Agis-reachability.nkpl,timeout (300s)
katch,nkpl/fig09/naive-reachability/Ai3-reachability.nkpl,0.09691581
frenetic,nkpl/fig09/naive-reachability/Ai3-reachability.nkpl,9.05
katch,nkpl/fig09/naive-reachability/Airtel-reachability.nkpl,0.144504742
frenetic,nkpl/fig09/naive-reachability/Airtel-reachability.nkpl,192.86
katch,nkpl/fig09/naive-reachability/Amres-reachability.nkpl,0.267604278
frenetic,nkpl/fig09/naive-reachability/Amres-reachability.nkpl,timeout (300s)
katch,nkpl/fig09/naive-reachability/Ans-reachability.nkpl,0.164444469
frenetic,nkpl/fig09/naive-reachability/Ans-reachability.nkpl,225.45
katch,nkpl/fig09/naive-reachability/Arnes-reachability.nkpl,0.596855566
frenetic,nkpl/fig09/naive-reachability/Arnes-reachability.nkpl,timeout (300s)
katch,nkpl/fig09/naive-reachability/Arn-reachability.nkpl,0.478693739
frenetic,nkpl/fig09/naive-reachability/Arn-reachability.nkpl,timeout (300s)
katch,nkpl/fig09/naive-reachability/Arpanet196912-reachability.nkpl,0.048762551
frenetic,nkpl/fig09/naive-reachability/Arpanet196912-reachability.nkpl,0.31
katch,nkpl/fig09/naive-reachability/Arpanet19706-reachability.nkpl,0.087917047
frenetic,nkpl/fig09/naive-reachability/Arpanet19706-reachability.nkpl,5.09
katch,nkpl/fig09/naive-reachability/Arpanet19719-reachability.nkpl,0.155273786
frenetic,nkpl/fig09/naive-reachability/Arpanet19719-reachability.nkpl,190.60
katch,nkpl/fig09/naive-reachability/Arpanet19723-reachability.nkpl,0.25431496
frenetic,nkpl/fig09/naive-reachability/Arpanet19723-reachability.nkpl,timeout (300s)
katch,nkpl/fig09/naive-reachability/Arpanet19728-reachability.nkpl,0.428588009
frenetic,nkpl/fig09/naive-reachability/Arpanet19728-reachability.nkpl,timeout (300s)
katch,nkpl/fig09/naive-reachability/AsnetAm-reachability.nkpl,2.456326909
frenetic,nkpl/fig09/naive-reachability/AsnetAm-reachability.nkpl,timeout (300s)
katch,nkpl/fig09/naive-reachability/Atmnet-reachability.nkpl,0.193425999
frenetic,nkpl/fig09/naive-reachability/Atmnet-reachability.nkpl,timeout (300s)
katch,nkpl/fig09/naive-reachability/AttMpls-reachability.nkpl,0.28592517
frenetic,nkpl/fig09/naive-reachability/AttMpls-reachability.nkpl,timeout (300s)
katch,nkpl/fig09/naive-reachability/Azrena-reachability.nkpl,0.186537384
frenetic,nkpl/fig09/naive-reachability/Azrena-reachability.nkpl,timeout (300s)
katch,nkpl/fig09/naive-reachability/Bandcon-reachability.nkpl,0.20398667
frenetic,nkpl/fig09/naive-reachability/Bandcon-reachability.nkpl,timeout (300s)
katch,nkpl/fig09/naive-reachability/Basnet-reachability.nkpl,0.064359108
frenetic,nkpl/fig09/naive-reachability/Basnet-reachability.nkpl,1.98
katch,nkpl/fig09/naive-reachability/Bbnplanet-reachability.nkpl,0.310343809
frenetic,nkpl/fig09/naive-reachability/Bbnplanet-reachability.nkpl,timeout (300s)
katch,nkpl/fig09/naive-reachability/Bellcanada-reachability.nkpl,1.011131711
frenetic,nkpl/fig09/naive-reachability/Bellcanada-reachability.nkpl,timeout (300s)
katch,nkpl/fig09/naive-reachability/Bellsouth-reachability.nkpl,1.273701207
frenetic,nkpl/fig09/naive-reachability/Bellsouth-reachability.nkpl,timeout (300s)
katch,nkpl/fig09/naive-reachability/Belnet2003-reachability.nkpl,0.244961594
frenetic,nkpl/fig09/naive-reachability/Belnet2003-reachability.nkpl,timeout (300s)
katch,nkpl/fig09/naive-reachability/Belnet2004-reachability.nkpl,0.260670564
frenetic,nkpl/fig09/naive-reachability/Belnet2004-reachability.nkpl,timeout (300s)
katch,nkpl/fig09/naive-reachability/Belnet2005-reachability.nkpl,0.242914528
frenetic,nkpl/fig09/naive-reachability/Belnet2005-reachability.nkpl,timeout (300s)
katch,nkpl/fig09/naive-reachability/Belnet2006-reachability.nkpl,0.249521476
frenetic,nkpl/fig09/naive-reachability/Belnet2006-reachability.nkpl,timeout (300s)
katch,nkpl/fig09/naive-reachability/Belnet2007-reachability.nkpl,0.193306992
frenetic,nkpl/fig09/naive-reachability/Belnet2007-reachability.nkpl,timeout (300s)
katch,nkpl/fig09/naive-reachability/Belnet2008-reachability.nkpl,0.182485122
frenetic,nkpl/fig09/naive-reachability/Belnet2008-reachability.nkpl,timeout (300s)
katch,nkpl/fig09/naive-reachability/Belnet2009-reachability.nkpl,0.194114925
frenetic,nkpl/fig09/naive-reachability/Belnet2009-reachability.nkpl,timeout (300s)
katch,nkpl/fig09/naive-reachability/Belnet2010-reachability.nkpl,0.228515533
frenetic,nkpl/fig09/naive-reachability/Belnet2010-reachability.nkpl,timeout (300s)
katch,nkpl/fig09/naive-reachability/BeyondTheNetwork-reachability.nkpl,1.052235092
frenetic,nkpl/fig09/naive-reachability/BeyondTheNetwork-reachability.nkpl,timeout (300s)
katch,nkpl/fig09/naive-reachability/Bics-reachability.nkpl,0.490215755
frenetic,nkpl/fig09/naive-reachability/Bics-reachability.nkpl,timeout (300s)
katch,nkpl/fig09/naive-reachability/Biznet-reachability.nkpl,0.428815395
frenetic,nkpl/fig09/naive-reachability/Biznet-reachability.nkpl,timeout (300s)
katch,nkpl/fig09/naive-reachability/Bren-reachability.nkpl,0.633696475
frenetic,nkpl/fig09/naive-reachability/Bren-reachability.nkpl,timeout (300s)
katch,nkpl/fig09/naive-reachability/BsonetEurope-reachability.nkpl,0.176501069
frenetic,nkpl/fig09/naive-reachability/BsonetEurope-reachability.nkpl,243.80
katch,nkpl/fig09/naive-reachability/BtAsiaPac-reachability.nkpl,0.205815422
frenetic,nkpl/fig09/naive-reachability/BtAsiaPac-reachability.nkpl,timeout (300s)
katch,nkpl/fig09/naive-reachability/BtEurope-reachability.nkpl,0.253502265
frenetic,nkpl/fig09/naive-reachability/BtEurope-reachability.nkpl,timeout (300s)
katch,nkpl/fig09/naive-reachability/BtLatinAmerica-reachability.nkpl,1.208247584
frenetic,nkpl/fig09/naive-reachability/BtLatinAmerica-reachability.nkpl,timeout (300s)
katch,nkpl/fig09/naive-reachability/BtNorthAmerica-reachability.nkpl,0.628735508
frenetic,nkpl/fig09/naive-reachability/BtNorthAmerica-reachability.nkpl,timeout (300s)
katch,nkpl/fig09/naive-reachability/Canerie-reachability.nkpl,0.454150189
frenetic,nkpl/fig09/naive-reachability/Canerie-reachability.nkpl,timeout (300s)
katch,nkpl/fig09/naive-reachability/Carnet-reachability.nkpl,1.013725445
frenetic,nkpl/fig09/naive-reachability/Carnet-reachability.nkpl,timeout (300s)
katch,nkpl/fig09/naive-reachability/Cernet-reachability.nkpl,0.754243935
frenetic,nkpl/fig09/naive-reachability/Cernet-reachability.nkpl,timeout (300s)
katch,nkpl/fig09/naive-reachability/Cesnet1993-reachability.nkpl,0.098186833
frenetic,nkpl/fig09/naive-reachability/Cesnet1993-reachability.nkpl,9.38
katch,nkpl/fig09/naive-reachability/Cesnet1997-reachability.nkpl,0.115425815
frenetic,nkpl/fig09/naive-reachability/Cesnet1997-reachability.nkpl,34.54
katch,nkpl/fig09/naive-reachability/Cesnet1999-reachability.nkpl,0.159551133
frenetic,nkpl/fig09/naive-reachability/Cesnet1999-reachability.nkpl,38.34
katch,nkpl/fig09/naive-reachability/Cesnet2001-reachability.nkpl,0.211906984
frenetic,nkpl/fig09/naive-reachability/Cesnet2001-reachability.nkpl,timeout (300s)
katch,nkpl/fig09/naive-reachability/Cesnet200304-reachability.nkpl,0.525242129
frenetic,nkpl/fig09/naive-reachability/Cesnet200304-reachability.nkpl,timeout (300s)
katch,nkpl/fig09/naive-reachability/Cesnet200511-reachability.nkpl,0.910165183
frenetic,nkpl/fig09/naive-reachability/Cesnet200511-reachability.nkpl,timeout (300s)
katch,nkpl/fig09/naive-reachability/Cesnet200603-reachability.nkpl,0.882094109
frenetic,nkpl/fig09/naive-reachability/Cesnet200603-reachability.nkpl,timeout (300s)
katch,nkpl/fig09/naive-reachability/Cesnet200706-reachability.nkpl,1.141277273
frenetic,nkpl/fig09/naive-reachability/Cesnet200706-reachability.nkpl,timeout (300s)
katch,nkpl/fig09/naive-reachability/Cesnet201006-reachability.nkpl,1.510089647
frenetic,nkpl/fig09/naive-reachability/Cesnet201006-reachability.nkpl,timeout (300s)
katch,nkpl/fig09/naive-reachability/Chinanet-reachability.nkpl,0.899890035
frenetic,nkpl/fig09/naive-reachability/Chinanet-reachability.nkpl,timeout (300s)
katch,nkpl/fig09/naive-reachability/Claranet-reachability.nkpl,0.131707187
frenetic,nkpl/fig09/naive-reachability/Claranet-reachability.nkpl,82.91
katch,nkpl/fig09/naive-reachability/Cogentco-reachability.nkpl,28.072498711
frenetic,nkpl/fig09/naive-reachability/Cogentco-reachability.nkpl,timeout (300s)
katch,nkpl/fig09/naive-reachability/Colt-reachability.nkpl,15.921571554
frenetic,nkpl/fig09/naive-reachability/Colt-reachability.nkpl,timeout (300s)
katch,nkpl/fig09/naive-reachability/Columbus-reachability.nkpl,2.11571982
frenetic,nkpl/fig09/naive-reachability/Columbus-reachability.nkpl,timeout (300s)
katch,nkpl/fig09/naive-reachability/Compuserve-reachability.nkpl,0.121319348
frenetic,nkpl/fig09/naive-reachability/Compuserve-reachability.nkpl,61.75
katch,nkpl/fig09/naive-reachability/CrlNetworkServices-reachability.nkpl,0.452910269
frenetic,nkpl/fig09/naive-reachability/CrlNetworkServices-reachability.nkpl,timeout (300s)
katch,nkpl/fig09/naive-reachability/Cudi-reachability.nkpl,1.069118494
frenetic,nkpl/fig09/naive-reachability/Cudi-reachability.nkpl,timeout (300s)
katch,nkpl/fig09/naive-reachability/Cwix-reachability.nkpl,0.585510671
frenetic,nkpl/fig09/naive-reachability/Cwix-reachability.nkpl,timeout (300s)
katch,nkpl/fig09/naive-reachability/Cynet-reachability.nkpl,0.484031241
frenetic,nkpl/fig09/naive-reachability/Cynet-reachability.nkpl,timeout (300s)
katch,nkpl/fig09/naive-reachability/Darkstrand-reachability.nkpl,0.39554636
frenetic,nkpl/fig09/naive-reachability/Darkstrand-reachability.nkpl,timeout (300s)
katch,nkpl/fig09/naive-reachability/Dataxchange-reachability.nkpl,0.062261038
frenetic,nkpl/fig09/naive-reachability/Dataxchange-reachability.nkpl,1.12
katch,nkpl/fig09/naive-reachability/Deltacom-reachability.nkpl,6.980231639
frenetic,nkpl/fig09/naive-reachability/Deltacom-reachability.nkpl,timeout (300s)
katch,nkpl/fig09/naive-reachability/DeutscheTelekom-reachability.nkpl,0.581399751
frenetic,nkpl/fig09/naive-reachability/DeutscheTelekom-reachability.nkpl,timeout (300s)
katch,nkpl/fig09/naive-reachability/Dfn-reachability.nkpl,1.753581605
frenetic,nkpl/fig09/naive-reachability/Dfn-reachability.nkpl,timeout (300s)
katch,nkpl/fig09/naive-reachability/DialtelecomCz-reachability.nkpl,19.256099437
frenetic,nkpl/fig09/naive-reachability/DialtelecomCz-reachability.nkpl,timeout (300s)
katch,nkpl/fig09/naive-reachability/Digex-reachability.nkpl,0.391462188
frenetic,nkpl/fig09/naive-reachability/Digex-reachability.nkpl,timeout (300s)
katch,nkpl/fig09/naive-reachability/Easynet-reachability.nkpl,0.184629752
frenetic,nkpl/fig09/naive-reachability/Easynet-reachability.nkpl,timeout (300s)
katch,nkpl/fig09/naive-reachability/Eenet-reachability.nkpl,0.110853614
frenetic,nkpl/fig09/naive-reachability/Eenet-reachability.nkpl,44.59
katch,nkpl/fig09/naive-reachability/EliBackbone-reachability.nkpl,0.199137322
frenetic,nkpl/fig09/naive-reachability/EliBackbone-reachability.nkpl,timeout (300s)
katch,nkpl/fig09/naive-reachability/Epoch-reachability.nkpl,0.056293805
frenetic,nkpl/fig09/naive-reachability/Epoch-reachability.nkpl,0.93
katch,nkpl/fig09/naive-reachability/Ernet-reachability.nkpl,0.503673256
frenetic,nkpl/fig09/naive-reachability/Ernet-reachability.nkpl,timeout (300s)
katch,nkpl/fig09/naive-reachability/Esnet-reachability.nkpl,2.723972479
frenetic,nkpl/fig09/naive-reachability/Esnet-reachability.nkpl,timeout (300s)
katch,nkpl/fig09/naive-reachability/Eunetworks-reachability.nkpl,0.149945202
frenetic,nkpl/fig09/naive-reachability/Eunetworks-reachability.nkpl,51.11
katch,nkpl/fig09/naive-reachability/Evolink-reachability.nkpl,0.651050768
frenetic,nkpl/fig09/naive-reachability/Evolink-reachability.nkpl,timeout (300s)
katch,nkpl/fig09/naive-reachability/Fatman-reachability.nkpl,0.145083731
frenetic,nkpl/fig09/naive-reachability/Fatman-reachability.nkpl,176.58
katch,nkpl/fig09/naive-reachability/Fccn-reachability.nkpl,0.223233731
frenetic,nkpl/fig09/naive-reachability/Fccn-reachability.nkpl,timeout (300s)
katch,nkpl/fig09/naive-reachability/Forthnet-reachability.nkpl,1.917157283
frenetic,nkpl/fig09/naive-reachability/Forthnet-reachability.nkpl,timeout (300s)
katch,nkpl/fig09/naive-reachability/Funet-reachability.nkpl,0.291882121
frenetic,nkpl/fig09/naive-reachability/Funet-reachability.nkpl,timeout (300s)
katch,nkpl/fig09/naive-reachability/Gambia-reachability.nkpl,0.443794682
frenetic,nkpl/fig09/naive-reachability/Gambia-reachability.nkpl,timeout (300s)
katch,nkpl/fig09/naive-reachability/Garr199901-reachability.nkpl,0.147379186
frenetic,nkpl/fig09/naive-reachability/Garr199901-reachability.nkpl,128.63
katch,nkpl/fig09/naive-reachability/Garr199904-reachability.nkpl,0.259498158
frenetic,nkpl/fig09/naive-reachability/Garr199904-reachability.nkpl,timeout (300s)
katch,nkpl/fig09/naive-reachability/Garr199905-reachability.nkpl,0.207728832
frenetic,nkpl/fig09/naive-reachability/Garr199905-reachability.nkpl,timeout (300s)
katch,nkpl/fig09/naive-reachability/Garr200109-reachability.nkpl,0.201063586
frenetic,nkpl/fig09/naive-reachability/Garr200109-reachability.nkpl,timeout (300s)
katch,nkpl/fig09/naive-reachability/Garr200112-reachability.nkpl,0.261135909
frenetic,nkpl/fig09/naive-reachability/Garr200112-reachability.nkpl,timeout (300s)
katch,nkpl/fig09/naive-reachability/Garr200212-reachability.nkpl,0.336688791
frenetic,nkpl/fig09/naive-reachability/Garr200212-reachability.nkpl,timeout (300s)
katch,nkpl/fig09/naive-reachability/Garr200404-reachability.nkpl,0.19023659
frenetic,nkpl/fig09/naive-reachability/Garr200404-reachability.nkpl,timeout (300s)
katch,nkpl/fig09/naive-reachability/Garr200902-reachability.nkpl,1.156850316
frenetic,nkpl/fig09/naive-reachability/Garr200902-reachability.nkpl,timeout (300s)
katch,nkpl/fig09/naive-reachability/Garr200908-reachability.nkpl,1.220900856
frenetic,nkpl/fig09/naive-reachability/Garr200908-reachability.nkpl,timeout (300s)
katch,nkpl/fig09/naive-reachability/Garr200909-reachability.nkpl,1.299266827
frenetic,nkpl/fig09/naive-reachability/Garr200909-reachability.nkpl,timeout (300s)
katch,nkpl/fig09/naive-reachability/Garr200912-reachability.nkpl,1.135587087
frenetic,nkpl/fig09/naive-reachability/Garr200912-reachability.nkpl,timeout (300s)
katch,nkpl/fig09/naive-reachability/Garr201001-reachability.nkpl,1.216560405
frenetic,nkpl/fig09/naive-reachability/Garr201001-reachability.nkpl,timeout (300s)
katch,nkpl/fig09/naive-reachability/Garr201003-reachability.nkpl,1.342118413
frenetic,nkpl/fig09/naive-reachability/Garr201003-reachability.nkpl,timeout (300s)
katch,nkpl/fig09/naive-reachability/Garr201004-reachability.nkpl,1.200839399
frenetic,nkpl/fig09/naive-reachability/Garr201004-reachability.nkpl,timeout (300s)
katch,nkpl/fig09/naive-reachability/Garr201005-reachability.nkpl,1.408842166
frenetic,nkpl/fig09/naive-reachability/Garr201005-reachability.nkpl,timeout (300s)
katch,nkpl/fig09/naive-reachability/Garr201007-reachability.nkpl,1.273241329
frenetic,nkpl/fig09/naive-reachability/Garr201007-reachability.nkpl,timeout (300s)
katch,nkpl/fig09/naive-reachability/Garr201008-reachability.nkpl,1.268033851
frenetic,nkpl/fig09/naive-reachability/Garr201008-reachability.nkpl,timeout (300s)
katch,nkpl/fig09/naive-reachability/Garr201010-reachability.nkpl,1.312982072
frenetic,nkpl/fig09/naive-reachability/Garr201010-reachability.nkpl,timeout (300s)
katch,nkpl/fig09/naive-reachability/Garr201012-reachability.nkpl,1.347718374
frenetic,nkpl/fig09/naive-reachability/Garr201012-reachability.nkpl,timeout (300s)
katch,nkpl/fig09/naive-reachability/Garr201101-reachability.nkpl,1.26218014
frenetic,nkpl/fig09/naive-reachability/Garr201101-reachability.nkpl,timeout (300s)
katch,nkpl/fig09/naive-reachability/Garr201102-reachability.nkpl,1.724913548
frenetic,nkpl/fig09/naive-reachability/Garr201102-reachability.nkpl,timeout (300s)
katch,nkpl/fig09/naive-reachability/Garr201103-reachability.nkpl,1.58389045
frenetic,nkpl/fig09/naive-reachability/Garr201103-reachability.nkpl,timeout (300s)
katch,nkpl/fig09/naive-reachability/Garr201104-reachability.nkpl,1.758044241
frenetic,nkpl/fig09/naive-reachability/Garr201104-reachability.nkpl,timeout (300s)
katch,nkpl/fig09/naive-reachability/Garr201105-reachability.nkpl,1.794794271
frenetic,nkpl/fig09/naive-reachability/Garr201105-reachability.nkpl,timeout (300s)
katch,nkpl/fig09/naive-reachability/Garr201107-reachability.nkpl,1.88732962
frenetic,nkpl/fig09/naive-reachability/Garr201107-reachability.nkpl,timeout (300s)
katch,nkpl/fig09/naive-reachability/Garr201108-reachability.nkpl,2.215446086
frenetic,nkpl/fig09/naive-reachability/Garr201108-reachability.nkpl,timeout (300s)
katch,nkpl/fig09/naive-reachability/Garr201109-reachability.nkpl,1.901860332
frenetic,nkpl/fig09/naive-reachability/Garr201109-reachability.nkpl,timeout (300s)
katch,nkpl/fig09/naive-reachability/Garr201110-reachability.nkpl,2.116017236
frenetic,nkpl/fig09/naive-reachability/Garr201110-reachability.nkpl,timeout (300s)
katch,nkpl/fig09/naive-reachability/Garr201111-reachability.nkpl,2.014943885
frenetic,nkpl/fig09/naive-reachability/Garr201111-reachability.nkpl,timeout (300s)
katch,nkpl/fig09/naive-reachability/Garr201112-reachability.nkpl,1.674337418
frenetic,nkpl/fig09/naive-reachability/Garr201112-reachability.nkpl,timeout (300s)
katch,nkpl/fig09/naive-reachability/Garr201201-reachability.nkpl,1.661170474
frenetic,nkpl/fig09/naive-reachability/Garr201201-reachability.nkpl,timeout (300s)
katch,nkpl/fig09/naive-reachability/Gblnet-reachability.nkpl,0.076080845
frenetic,nkpl/fig09/naive-reachability/Gblnet-reachability.nkpl,3.33
katch,nkpl/fig09/naive-reachability/Geant2001-reachability.nkpl,0.318703253
frenetic,nkpl/fig09/naive-reachability/Geant2001-reachability.nkpl,timeout (300s)
katch,nkpl/fig09/naive-reachability/Geant2009-reachability.nkpl,0.537421517
frenetic,nkpl/fig09/naive-reachability/Geant2009-reachability.nkpl,timeout (300s)
katch,nkpl/fig09/naive-reachability/Geant2010-reachability.nkpl,0.714926981
frenetic,nkpl/fig09/naive-reachability/Geant2010-reachability.nkpl,timeout (300s)
katch,nkpl/fig09/naive-reachability/Geant2012-reachability.nkpl,0.6402481
frenetic,nkpl/fig09/naive-reachability/Geant2012-reachability.nkpl,timeout (300s)
katch,nkpl/fig09/naive-reachability/Getnet-reachability.nkpl,0.065469999
frenetic,nkpl/fig09/naive-reachability/Getnet-reachability.nkpl,1.80
katch,nkpl/fig09/naive-reachability/Globalcenter-reachability.nkpl,0.087137961
frenetic,nkpl/fig09/naive-reachability/Globalcenter-reachability.nkpl,6.84
katch,nkpl/fig09/naive-reachability/Globenet-reachability.nkpl,2.477394871
frenetic,nkpl/fig09/naive-reachability/Globenet-reachability.nkpl,timeout (300s)
katch,nkpl/fig09/naive-reachability/Goodnet-reachability.nkpl,0.158979661
frenetic,nkpl/fig09/naive-reachability/Goodnet-reachability.nkpl,209.14
katch,nkpl/fig09/naive-reachability/Grena-reachability.nkpl,0.151922904
frenetic,nkpl/fig09/naive-reachability/Grena-reachability.nkpl,94.87
katch,nkpl/fig09/naive-reachability/Gridnet-reachability.nkpl,0.08488139
frenetic,nkpl/fig09/naive-reachability/Gridnet-reachability.nkpl,6.22
katch,nkpl/fig09/naive-reachability/Grnet-reachability.nkpl,0.765212348
frenetic,nkpl/fig09/naive-reachability/Grnet-reachability.nkpl,timeout (300s)
katch,nkpl/fig09/naive-reachability/GtsCe-reachability.nkpl,14.635152292
frenetic,nkpl/fig09/naive-reachability/GtsCe-reachability.nkpl,timeout (300s)
katch,nkpl/fig09/naive-reachability/GtsCzechRepublic-reachability.nkpl,0.452904264
frenetic,nkpl/fig09/naive-reachability/GtsCzechRepublic-reachability.nkpl,timeout (300s)
katch,nkpl/fig09/naive-reachability/GtsHungary-reachability.nkpl,0.487802822
frenetic,nkpl/fig09/naive-reachability/GtsHungary-reachability.nkpl,timeout (300s)
katch,nkpl/fig09/naive-reachability/GtsPoland-reachability.nkpl,0.503546999
frenetic,nkpl/fig09/naive-reachability/GtsPoland-reachability.nkpl,timeout (300s)
katch,nkpl/fig09/naive-reachability/GtsRomania-reachability.nkpl,0.191314065
frenetic,nkpl/fig09/naive-reachability/GtsRomania-reachability.nkpl,timeout (300s)
katch,nkpl/fig09/naive-reachability/GtsSlovakia-reachability.nkpl,0.797790852
frenetic,nkpl/fig09/naive-reachability/GtsSlovakia-reachability.nkpl,timeout (300s)
katch,nkpl/fig09/naive-reachability/Harnet-reachability.nkpl,0.1968651
frenetic,nkpl/fig09/naive-reachability/Harnet-reachability.nkpl,timeout (300s)
katch,nkpl/fig09/naive-reachability/Heanet-reachability.nkpl,0.068528351
frenetic,nkpl/fig09/naive-reachability/Heanet-reachability.nkpl,2.24
katch,nkpl/fig09/naive-reachability/HiberniaCanada-reachability.nkpl,0.115002773
frenetic,nkpl/fig09/naive-reachability/HiberniaCanada-reachability.nkpl,30.64
katch,nkpl/fig09/naive-reachability/HiberniaGlobal-reachability.nkpl,1.159214186
frenetic,nkpl/fig09/naive-reachability/HiberniaGlobal-reachability.nkpl,timeout (300s)
katch,nkpl/fig09/naive-reachability/HiberniaIreland-reachability.nkpl,0.07523495
frenetic,nkpl/fig09/naive-reachability/HiberniaIreland-reachability.nkpl,3.33
katch,nkpl/fig09/naive-reachability/HiberniaNireland-reachability.nkpl,0.170483781
frenetic,nkpl/fig09/naive-reachability/HiberniaNireland-reachability.nkpl,206.88
katch,nkpl/fig09/naive-reachability/HiberniaUk-reachability.nkpl,0.166832367
frenetic,nkpl/fig09/naive-reachability/HiberniaUk-reachability.nkpl,67.13
katch,nkpl/fig09/naive-reachability/HiberniaUs-reachability.nkpl,0.182397082
frenetic,nkpl/fig09/naive-reachability/HiberniaUs-reachability.nkpl,timeout (300s)
katch,nkpl/fig09/naive-reachability/Highwinds-reachability.nkpl,0.199917305
frenetic,nkpl/fig09/naive-reachability/Highwinds-reachability.nkpl,timeout (300s)
katch,nkpl/fig09/naive-reachability/HostwayInternational-reachability.nkpl,0.143589548
frenetic,nkpl/fig09/naive-reachability/HostwayInternational-reachability.nkpl,108.42
katch,nkpl/fig09/naive-reachability/HurricaneElectric-reachability.nkpl,0.227209019
frenetic,nkpl/fig09/naive-reachability/HurricaneElectric-reachability.nkpl,timeout (300s)
katch,nkpl/fig09/naive-reachability/Ibm-reachability.nkpl,0.1847103
frenetic,nkpl/fig09/naive-reachability/Ibm-reachability.nkpl,224.05
katch,nkpl/fig09/naive-reachability/Iij-reachability.nkpl,0.878607322
frenetic,nkpl/fig09/naive-reachability/Iij-reachability.nkpl,timeout (300s)
katch,nkpl/fig09/naive-reachability/Iinet-reachability.nkpl,0.509638916
frenetic,nkpl/fig09/naive-reachability/Iinet-reachability.nkpl,timeout (300s)
katch,nkpl/fig09/naive-reachability/Ilan-reachability.nkpl,0.117234725
frenetic,nkpl/fig09/naive-reachability/Ilan-reachability.nkpl,55.12
katch,nkpl/fig09/naive-reachability/Integra-reachability.nkpl,0.289377654
frenetic,nkpl/fig09/naive-reachability/Integra-reachability.nkpl,timeout (300s)
katch,nkpl/fig09/naive-reachability/Intellifiber-reachability.nkpl,2.633155248
frenetic,nkpl/fig09/naive-reachability/Intellifiber-reachability.nkpl,timeout (300s)
katch,nkpl/fig09/naive-reachability/Internetmci-reachability.nkpl,0.199509971
frenetic,nkpl/fig09/naive-reachability/Internetmci-reachability.nkpl,timeout (300s)
katch,nkpl/fig09/naive-reachability/Internode-reachability.nkpl,1.751914051
frenetic,nkpl/fig09/naive-reachability/Internode-reachability.nkpl,timeout (300s)
katch,nkpl/fig09/naive-reachability/Interoute-reachability.nkpl,5.740312595
frenetic,nkpl/fig09/naive-reachability/Interoute-reachability.nkpl,timeout (300s)
katch,nkpl/fig09/naive-reachability/Intranetwork-reachability.nkpl,0.789281149
frenetic,nkpl/fig09/naive-reachability/Intranetwork-reachability.nkpl,timeout (300s)
katch,nkpl/fig09/naive-reachability/Ion-reachability.nkpl,9.537229404
frenetic,nkpl/fig09/naive-reachability/Ion-reachability.nkpl,timeout (300s)
katch,nkpl/fig09/naive-reachability/IowaStatewideFiberMap-reachability.nkpl,0.477694113
frenetic,nkpl/fig09/naive-reachability/IowaStatewideFiberMap-reachability.nkpl,timeout (300s)
katch,nkpl/fig09/naive-reachability/Iris-reachability.nkpl,1.046796376
frenetic,nkpl/fig09/naive-reachability/Iris-reachability.nkpl,timeout (300s)
katch,nkpl/fig09/naive-reachability/Istar-reachability.nkpl,0.271566651
frenetic,nkpl/fig09/naive-reachability/Istar-reachability.nkpl,timeout (300s)
katch,nkpl/fig09/naive-reachability/Itnet-reachability.nkpl,0.132476295
frenetic,nkpl/fig09/naive-reachability/Itnet-reachability.nkpl,18.47
katch,nkpl/fig09/naive-reachability/Janetbackbone-reachability.nkpl,0.435803911
frenetic,nkpl/fig09/naive-reachability/Janetbackbone-reachability.nkpl,timeout (300s)
katch,nkpl/fig09/naive-reachability/JanetExternal-reachability.nkpl,0.137051546
frenetic,nkpl/fig09/naive-reachability/JanetExternal-reachability.nkpl,14.70
katch,nkpl/fig09/naive-reachability/Janetlense-reachability.nkpl,0.20534276
frenetic,nkpl/fig09/naive-reachability/Janetlense-reachability.nkpl,timeout (300s)
katch,nkpl/fig09/naive-reachability/Jgn2Plus-reachability.nkpl,0.185553463
frenetic,nkpl/fig09/naive-reachability/Jgn2Plus-reachability.nkpl,228.49
katch,nkpl/fig09/naive-reachability/Karen-reachability.nkpl,0.268980392
frenetic,nkpl/fig09/naive-reachability/Karen-reachability.nkpl,timeout (300s)
katch,nkpl/fig09/naive-reachability/KentmanApr2007-reachability.nkpl,0.247726211
frenetic,nkpl/fig09/naive-reachability/KentmanApr2007-reachability.nkpl,timeout (300s)
katch,nkpl/fig09/naive-reachability/KentmanAug2005-reachability.nkpl,0.456146731
frenetic,nkpl/fig09/naive-reachability/KentmanAug2005-reachability.nkpl,timeout (300s)
katch,nkpl/fig09/naive-reachability/KentmanFeb2008-reachability.nkpl,0.324039909
frenetic,nkpl/fig09/naive-reachability/KentmanFeb2008-reachability.nkpl,timeout (300s)
katch,nkpl/fig09/naive-reachability/KentmanJan2011-reachability.nkpl,0.759911376
frenetic,nkpl/fig09/naive-reachability/KentmanJan2011-reachability.nkpl,timeout (300s)
katch,nkpl/fig09/naive-reachability/KentmanJul2005-reachability.nkpl,0.185930234
frenetic,nkpl/fig09/naive-reachability/KentmanJul2005-reachability.nkpl,112.68
katch,nkpl/fig09/naive-reachability/Kreonet-reachability.nkpl,0.114708533
frenetic,nkpl/fig09/naive-reachability/Kreonet-reachability.nkpl,40.55
katch,nkpl/fig09/naive-reachability/LambdaNet-reachability.nkpl,0.754405247
frenetic,nkpl/fig09/naive-reachability/LambdaNet-reachability.nkpl,timeout (300s)
katch,nkpl/fig09/naive-reachability/Latnet-reachability.nkpl,4.539541624
frenetic,nkpl/fig09/naive-reachability/Latnet-reachability.nkpl,timeout (300s)
katch,nkpl/fig09/naive-reachability/Layer42-reachability.nkpl,0.057224933
frenetic,nkpl/fig09/naive-reachability/Layer42-reachability.nkpl,1.08
katch,nkpl/fig09/naive-reachability/Litnet-reachability.nkpl,0.963532453
frenetic,nkpl/fig09/naive-reachability/Litnet-reachability.nkpl,timeout (300s)
katch,nkpl/fig09/naive-reachability/Marnet-reachability.nkpl,0.205736889
frenetic,nkpl/fig09/naive-reachability/Marnet-reachability.nkpl,timeout (300s)
katch,nkpl/fig09/naive-reachability/Marwan-reachability.nkpl,0.147324119
frenetic,nkpl/fig09/naive-reachability/Marwan-reachability.nkpl,100.80
katch,nkpl/fig09/naive-reachability/Missouri-reachability.nkpl,1.830511789
frenetic,nkpl/fig09/naive-reachability/Missouri-reachability.nkpl,timeout (300s)
katch,nkpl/fig09/naive-reachability/Mren-reachability.nkpl,0.059226421
frenetic,nkpl/fig09/naive-reachability/Mren-reachability.nkpl,1.05
katch,nkpl/fig09/naive-reachability/Myren-reachability.nkpl,0.653108244
frenetic,nkpl/fig09/naive-reachability/Myren-reachability.nkpl,timeout (300s)
katch,nkpl/fig09/naive-reachability/Napnet-reachability.nkpl,0.062489119
frenetic,nkpl/fig09/naive-reachability/Napnet-reachability.nkpl,1.06
katch,nkpl/fig09/naive-reachability/Navigata-reachability.nkpl,0.115550059
frenetic,nkpl/fig09/naive-reachability/Navigata-reachability.nkpl,36.88
katch,nkpl/fig09/naive-reachability/Netrail-reachability.nkpl,0.065225919
frenetic,nkpl/fig09/naive-reachability/Netrail-reachability.nkpl,2.00
katch,nkpl/fig09/naive-reachability/NetworkUsa-reachability.nkpl,0.747815894
frenetic,nkpl/fig09/naive-reachability/NetworkUsa-reachability.nkpl,timeout (300s)
katch,nkpl/fig09/naive-reachability/Nextgen-reachability.nkpl,0.145022668
frenetic,nkpl/fig09/naive-reachability/Nextgen-reachability.nkpl,139.61
katch,nkpl/fig09/naive-reachability/Niif-reachability.nkpl,0.636366868
frenetic,nkpl/fig09/naive-reachability/Niif-reachability.nkpl,timeout (300s)
katch,nkpl/fig09/naive-reachability/Noel-reachability.nkpl,0.188148925
frenetic,nkpl/fig09/naive-reachability/Noel-reachability.nkpl,timeout (300s)
katch,nkpl/fig09/naive-reachability/Nordu1989-reachability.nkpl,0.076673776
frenetic,nkpl/fig09/naive-reachability/Nordu1989-reachability.nkpl,1.78
katch,nkpl/fig09/naive-reachability/Nordu1997-reachability.nkpl,0.127734075
frenetic,nkpl/fig09/naive-reachability/Nordu1997-reachability.nkpl,69.77
katch,nkpl/fig09/naive-reachability/Nordu2005-reachability.nkpl,0.092543775
frenetic,nkpl/fig09/naive-reachability/Nordu2005-reachability.nkpl,6.14
katch,nkpl/fig09/naive-reachability/Nordu2010-reachability.nkpl,0.159983942
frenetic,nkpl/fig09/naive-reachability/Nordu2010-reachability.nkpl,132.12
katch,nkpl/fig09/naive-reachability/Nsfcnet-reachability.nkpl,0.094337702
frenetic,nkpl/fig09/naive-reachability/Nsfcnet-reachability.nkpl,6.95
katch,nkpl/fig09/naive-reachability/Nsfnet-reachability.nkpl,0.113768693
frenetic,nkpl/fig09/naive-reachability/Nsfnet-reachability.nkpl,30.82
katch,nkpl/fig09/naive-reachability/Ntelos-reachability.nkpl,1.206054526
frenetic,nkpl/fig09/naive-reachability/Ntelos-reachability.nkpl,timeout (300s)
katch,nkpl/fig09/naive-reachability/Ntt-reachability.nkpl,0.901594003
frenetic,nkpl/fig09/naive-reachability/Ntt-reachability.nkpl,timeout (300s)
katch,nkpl/fig09/naive-reachability/Oteglobe-reachability.nkpl,4.220508236
frenetic,nkpl/fig09/naive-reachability/Oteglobe-reachability.nkpl,timeout (300s)
katch,nkpl/fig09/naive-reachability/Oxford-reachability.nkpl,0.205158647
frenetic,nkpl/fig09/naive-reachability/Oxford-reachability.nkpl,timeout (300s)
katch,nkpl/fig09/naive-reachability/Pacificwave-reachability.nkpl,0.23699218
frenetic,nkpl/fig09/naive-reachability/Pacificwave-reachability.nkpl,timeout (300s)
katch,nkpl/fig09/naive-reachability/Packetexchange-reachability.nkpl,0.19733953
frenetic,nkpl/fig09/naive-reachability/Packetexchange-reachability.nkpl,timeout (300s)
katch,nkpl/fig09/naive-reachability/Padi-reachability.nkpl,0.131110024
frenetic,nkpl/fig09/naive-reachability/Padi-reachability.nkpl,7.35
katch,nkpl/fig09/naive-reachability/Palmetto-reachability.nkpl,0.801579267
frenetic,nkpl/fig09/naive-reachability/Palmetto-reachability.nkpl,timeout (300s)
katch,nkpl/fig09/naive-reachability/Peer1-reachability.nkpl,0.141944717
frenetic,nkpl/fig09/naive-reachability/Peer1-reachability.nkpl,118.38
katch,nkpl/fig09/naive-reachability/Pern-reachability.nkpl,15.55200222
frenetic,nkpl/fig09/naive-reachability/Pern-reachability.nkpl,timeout (300s)
katch,nkpl/fig09/naive-reachability/PionierL1-reachability.nkpl,0.619009704
frenetic,nkpl/fig09/naive-reachability/PionierL1-reachability.nkpl,timeout (300s)
katch,nkpl/fig09/naive-reachability/PionierL3-reachability.nkpl,0.834940756
frenetic,nkpl/fig09/naive-reachability/PionierL3-reachability.nkpl,timeout (300s)
katch,nkpl/fig09/naive-reachability/Psinet-reachability.nkpl,0.343969184
frenetic,nkpl/fig09/naive-reachability/Psinet-reachability.nkpl,timeout (300s)
katch,nkpl/fig09/naive-reachability/Quest-reachability.nkpl,0.209980409
frenetic,nkpl/fig09/naive-reachability/Quest-reachability.nkpl,timeout (300s)
katch,nkpl/fig09/naive-reachability/RedBestel-reachability.nkpl,3.432000913
frenetic,nkpl/fig09/naive-reachability/RedBestel-reachability.nkpl,timeout (300s)
katch,nkpl/fig09/naive-reachability/Rediris-reachability.nkpl,0.214832116
frenetic,nkpl/fig09/naive-reachability/Rediris-reachability.nkpl,timeout (300s)
katch,nkpl/fig09/naive-reachability/Renam-reachability.nkpl,0.048988576
frenetic,nkpl/fig09/naive-reachability/Renam-reachability.nkpl,0.52
katch,nkpl/fig09/naive-reachability/Renater1999-reachability.nkpl,0.275752501
frenetic,nkpl/fig09/naive-reachability/Renater1999-reachability.nkpl,timeout (300s)
katch,nkpl/fig09/naive-reachability/Renater2001-reachability.nkpl,0.231447274
frenetic,nkpl/fig09/naive-reachability/Renater2001-reachability.nkpl,timeout (300s)
katch,nkpl/fig09/naive-reachability/Renater2004-reachability.nkpl,0.47174137
frenetic,nkpl/fig09/naive-reachability/Renater2004-reachability.nkpl,timeout (300s)
katch,nkpl/fig09/naive-reachability/Renater2006-reachability.nkpl,0.515622993
frenetic,nkpl/fig09/naive-reachability/Renater2006-reachability.nkpl,timeout (300s)
katch,nkpl/fig09/naive-reachability/Renater2008-reachability.nkpl,0.469313113
frenetic,nkpl/fig09/naive-reachability/Renater2008-reachability.nkpl,timeout (300s)
katch,nkpl/fig09/naive-reachability/Renater2010-reachability.nkpl,0.826364765
frenetic,nkpl/fig09/naive-reachability/Renater2010-reachability.nkpl,timeout (300s)
katch,nkpl/fig09/naive-reachability/Restena-reachability.nkpl,0.192590496
frenetic,nkpl/fig09/naive-reachability/Restena-reachability.nkpl,timeout (300s)
katch,nkpl/fig09/naive-reachability/Reuna-reachability.nkpl,0.802858375
frenetic,nkpl/fig09/naive-reachability/Reuna-reachability.nkpl,timeout (300s)
katch,nkpl/fig09/naive-reachability/Rhnet-reachability.nkpl,0.148641427
frenetic,nkpl/fig09/naive-reachability/Rhnet-reachability.nkpl,112.79
katch,nkpl/fig09/naive-reachability/Rnp-reachability.nkpl,0.407767616
frenetic,nkpl/fig09/naive-reachability/Rnp-reachability.nkpl,timeout (300s)
katch,nkpl/fig09/naive-reachability/RoedunetFibre-reachability.nkpl,1.223538698
frenetic,nkpl/fig09/naive-reachability/RoedunetFibre-reachability.nkpl,timeout (300s)
katch,nkpl/fig09/naive-reachability/Roedunet-reachability.nkpl,0.809752207
frenetic,nkpl/fig09/naive-reachability/Roedunet-reachability.nkpl,timeout (300s)
katch,nkpl/fig09/naive-reachability/Sago-reachability.nkpl,0.173034275
frenetic,nkpl/fig09/naive-reachability/Sago-reachability.nkpl,164.50
katch,nkpl/fig09/naive-reachability/Sanet-reachability.nkpl,0.782957973
frenetic,nkpl/fig09/naive-reachability/Sanet-reachability.nkpl,timeout (300s)
katch,nkpl/fig09/naive-reachability/Sanren-reachability.nkpl,0.065418445
frenetic,nkpl/fig09/naive-reachability/Sanren-reachability.nkpl,1.62
katch,nkpl/fig09/naive-reachability/Savvis-reachability.nkpl,0.200977182
frenetic,nkpl/fig09/naive-reachability/Savvis-reachability.nkpl,251.07
katch,nkpl/fig09/naive-reachability/Shentel-reachability.nkpl,0.418076031
frenetic,nkpl/fig09/naive-reachability/Shentel-reachability.nkpl,timeout (300s)
katch,nkpl/fig09/naive-reachability/Sinet-reachability.nkpl,2.515762303
frenetic,nkpl/fig09/naive-reachability/Sinet-reachability.nkpl,timeout (300s)
katch,nkpl/fig09/naive-reachability/Singaren-reachability.nkpl,0.134778125
frenetic,nkpl/fig09/naive-reachability/Singaren-reachability.nkpl,18.42
katch,nkpl/fig09/naive-reachability/Spiralight-reachability.nkpl,0.154570842
frenetic,nkpl/fig09/naive-reachability/Spiralight-reachability.nkpl,67.66
katch,nkpl/fig09/naive-reachability/Sprint-reachability.nkpl,0.12677533
frenetic,nkpl/fig09/naive-reachability/Sprint-reachability.nkpl,14.44
katch,nkpl/fig09/naive-reachability/Sunet-reachability.nkpl,0.289804568
frenetic,nkpl/fig09/naive-reachability/Sunet-reachability.nkpl,timeout (300s)
katch,nkpl/fig09/naive-reachability/Surfnet-reachability.nkpl,0.993084256
frenetic,nkpl/fig09/naive-reachability/Surfnet-reachability.nkpl,timeout (300s)
katch,nkpl/fig09/naive-reachability/SwitchL3-reachability.nkpl,1.042503523
frenetic,nkpl/fig09/naive-reachability/SwitchL3-reachability.nkpl,timeout (300s)
katch,nkpl/fig09/naive-reachability/Switch-reachability.nkpl,2.81162312
frenetic,nkpl/fig09/naive-reachability/Switch-reachability.nkpl,timeout (300s)
katch,nkpl/fig09/naive-reachability/Syringa-reachability.nkpl,3.574394938
frenetic,nkpl/fig09/naive-reachability/Syringa-reachability.nkpl,timeout (300s)
katch,nkpl/fig09/naive-reachability/TataNld-reachability.nkpl,12.466223154
frenetic,nkpl/fig09/naive-reachability/TataNld-reachability.nkpl,timeout (300s)
katch,nkpl/fig09/naive-reachability/Telcove-reachability.nkpl,2.960929184
frenetic,nkpl/fig09/naive-reachability/Telcove-reachability.nkpl,timeout (300s)
katch,nkpl/fig09/naive-reachability/Telecomserbia-reachability.nkpl,0.056679821
frenetic,nkpl/fig09/naive-reachability/Telecomserbia-reachability.nkpl,0.92
katch,nkpl/fig09/naive-reachability/Tinet-reachability.nkpl,1.175956228
frenetic,nkpl/fig09/naive-reachability/Tinet-reachability.nkpl,timeout (300s)
katch,nkpl/fig09/naive-reachability/TLex-reachability.nkpl,0.123819694
frenetic,nkpl/fig09/naive-reachability/TLex-reachability.nkpl,27.22
katch,nkpl/fig09/naive-reachability/Twaren-reachability.nkpl,0.222900708
frenetic,nkpl/fig09/naive-reachability/Twaren-reachability.nkpl,timeout (300s)
katch,nkpl/fig09/naive-reachability/Tw-reachability.nkpl,2.764495909
frenetic,nkpl/fig09/naive-reachability/Tw-reachability.nkpl,timeout (300s)
katch,nkpl/fig09/naive-reachability/Ulaknet-reachability.nkpl,11.706043689
frenetic,nkpl/fig09/naive-reachability/Ulaknet-reachability.nkpl,timeout (300s)
katch,nkpl/fig09/naive-reachability/UniC-reachability.nkpl,0.26148602
frenetic,nkpl/fig09/naive-reachability/UniC-reachability.nkpl,timeout (300s)
katch,nkpl/fig09/naive-reachability/Uninet-reachability.nkpl,0.118276542
frenetic,nkpl/fig09/naive-reachability/Uninet-reachability.nkpl,38.83
katch,nkpl/fig09/naive-reachability/Uninett2010-reachability.nkpl,2.050022986
frenetic,nkpl/fig09/naive-reachability/Uninett2010-reachability.nkpl,timeout (300s)
katch,nkpl/fig09/naive-reachability/Uninett2011-reachability.nkpl,2.077460149
frenetic,nkpl/fig09/naive-reachability/Uninett2011-reachability.nkpl,timeout (300s)
katch,nkpl/fig09/naive-reachability/Uran-reachability.nkpl,0.229271341
frenetic,nkpl/fig09/naive-reachability/Uran-reachability.nkpl,timeout (300s)
katch,nkpl/fig09/naive-reachability/UsCarrier-reachability.nkpl,16.500900757
frenetic,nkpl/fig09/naive-reachability/UsCarrier-reachability.nkpl,timeout (300s)
katch,nkpl/fig09/naive-reachability/UsSignal-reachability.nkpl,1.917942207
frenetic,nkpl/fig09/naive-reachability/UsSignal-reachability.nkpl,timeout (300s)
katch,nkpl/fig09/naive-reachability/Uunet-reachability.nkpl,1.284192229
frenetic,nkpl/fig09/naive-reachability/Uunet-reachability.nkpl,timeout (300s)
katch,nkpl/fig09/naive-reachability/Vinaren-reachability.nkpl,0.276537657
frenetic,nkpl/fig09/naive-reachability/Vinaren-reachability.nkpl,timeout (300s)
katch,nkpl/fig09/naive-reachability/VisionNet-reachability.nkpl,0.307107672
frenetic,nkpl/fig09/naive-reachability/VisionNet-reachability.nkpl,timeout (300s)
katch,nkpl/fig09/naive-reachability/VtlWavenet2008-reachability.nkpl,4.101253725
frenetic,nkpl/fig09/naive-reachability/VtlWavenet2008-reachability.nkpl,timeout (300s)
katch,nkpl/fig09/naive-reachability/VtlWavenet2011-reachability.nkpl,4.970202061
frenetic,nkpl/fig09/naive-reachability/VtlWavenet2011-reachability.nkpl,timeout (300s)
katch,nkpl/fig09/naive-reachability/WideJpn-reachability.nkpl,0.456139911
frenetic,nkpl/fig09/naive-reachability/WideJpn-reachability.nkpl,timeout (300s)
katch,nkpl/fig09/naive-reachability/Xeex-reachability.nkpl,0.236897125
frenetic,nkpl/fig09/naive-reachability/Xeex-reachability.nkpl,timeout (300s)
katch,nkpl/fig09/naive-reachability/Xspedius-reachability.nkpl,0.558776105
frenetic,nkpl/fig09/naive-reachability/Xspedius-reachability.nkpl,timeout (300s)
katch,nkpl/fig09/naive-reachability/York-reachability.nkpl,0.212870184
frenetic,nkpl/fig09/naive-reachability/York-reachability.nkpl,timeout (300s)
katch,nkpl/fig09/naive-reachability/Zamren-reachability.nkpl,0.715832509
frenetic,nkpl/fig09/naive-reachability/Zamren-reachability.nkpl,timeout (300s)
katch,nkpl/fig09/linear-reachability/Aarnet.nkpl,0.46552575
katch,nkpl/fig09/linear-reachability/Abilene.nkpl,0.034123104
katch,nkpl/fig09/linear-reachability/Abvt.nkpl,0.085273735
katch,nkpl/fig09/linear-reachability/Aconet.nkpl,0.075698636
katch,nkpl/fig09/linear-reachability/Agis.nkpl,0.058626303
katch,nkpl/fig09/linear-reachability/Ai3.nkpl,0.012563255
katch,nkpl/fig09/linear-reachability/Airtel.nkpl,0.028261927
katch,nkpl/fig09/linear-reachability/Amres.nkpl,0.045018878
katch,nkpl/fig09/linear-reachability/Ans.nkpl,0.023711398
katch,nkpl/fig09/linear-reachability/Arn.nkpl,0.079080964
katch,nkpl/fig09/linear-reachability/Arnes.nkpl,0.116657988
katch,nkpl/fig09/linear-reachability/Arpanet196912.nkpl,0.005501413
katch,nkpl/fig09/linear-reachability/Arpanet19706.nkpl,0.011075965
katch,nkpl/fig09/linear-reachability/Arpanet19719.nkpl,0.030358236
katch,nkpl/fig09/linear-reachability/Arpanet19723.nkpl,0.047569576
katch,nkpl/fig09/linear-reachability/Arpanet19728.nkpl,0.06391355
katch,nkpl/fig09/linear-reachability/AsnetAm.nkpl,0.249713026
katch,nkpl/fig09/linear-reachability/Atmnet.nkpl,0.020461105
katch,nkpl/fig09/linear-reachability/AttMpls.nkpl,0.03458254
katch,nkpl/fig09/linear-reachability/Azrena.nkpl,0.017718253
katch,nkpl/fig09/linear-reachability/Bandcon.nkpl,0.026927044
katch,nkpl/fig09/linear-reachability/Basnet.nkpl,0.005667357
katch,nkpl/fig09/linear-reachability/Bbnplanet.nkpl,0.048283648
katch,nkpl/fig09/linear-reachability/Bellcanada.nkpl,0.091874615
katch,nkpl/fig09/linear-reachability/Bellsouth.nkpl,0.114138394
katch,nkpl/fig09/linear-reachability/Belnet2003.nkpl,0.034263513
katch,nkpl/fig09/linear-reachability/Belnet2004.nkpl,0.035323818
katch,nkpl/fig09/linear-reachability/Belnet2005.nkpl,0.04020181
katch,nkpl/fig09/linear-reachability/Belnet2006.nkpl,0.053767973
katch,nkpl/fig09/linear-reachability/Belnet2007.nkpl,0.031976845
katch,nkpl/fig09/linear-reachability/Belnet2008.nkpl,0.031449398
katch,nkpl/fig09/linear-reachability/Belnet2009.nkpl,0.030085122
katch,nkpl/fig09/linear-reachability/Belnet2010.nkpl,0.034043697
katch,nkpl/fig09/linear-reachability/BeyondTheNetwork.nkpl,0.145016328
katch,nkpl/fig09/linear-reachability/Bics.nkpl,0.068560025
katch,nkpl/fig09/linear-reachability/Biznet.nkpl,0.047965403
katch,nkpl/fig09/linear-reachability/Bren.nkpl,0.076992684
katch,nkpl/fig09/linear-reachability/BsonetEurope.nkpl,0.01522619
katch,nkpl/fig09/linear-reachability/BtAsiaPac.nkpl,0.019786561
katch,nkpl/fig09/linear-reachability/BtEurope.nkpl,0.026058485
katch,nkpl/fig09/linear-reachability/BtLatinAmerica.nkpl,0.0659361
katch,nkpl/fig09/linear-reachability/BtNorthAmerica.nkpl,0.062712441
katch,nkpl/fig09/linear-reachability/Canerie.nkpl,0.03769183
katch,nkpl/fig09/linear-reachability/Carnet.nkpl,0.068647726
katch,nkpl/fig09/linear-reachability/Cernet.nkpl,0.112605581
katch,nkpl/fig09/linear-reachability/Cesnet1993.nkpl,0.005918655
katch,nkpl/fig09/linear-reachability/Cesnet1997.nkpl,0.007761102
katch,nkpl/fig09/linear-reachability/Cesnet1999.nkpl,0.009358119
katch,nkpl/fig09/linear-reachability/Cesnet2001.nkpl,0.020060877
katch,nkpl/fig09/linear-reachability/Cesnet200304.nkpl,0.032482262
katch,nkpl/fig09/linear-reachability/Cesnet200511.nkpl,0.056264117
katch,nkpl/fig09/linear-reachability/Cesnet200603.nkpl,0.055026275
katch,nkpl/fig09/linear-reachability/Cesnet200706.nkpl,0.074367221
katch,nkpl/fig09/linear-reachability/Cesnet201006.nkpl,0.134600862
katch,nkpl/fig09/linear-reachability/Chinanet.nkpl,0.075849888
katch,nkpl/fig09/linear-reachability/Claranet.nkpl,0.010479894
katch,nkpl/fig09/linear-reachability/Cogentco.nkpl,1.605083486
katch,nkpl/fig09/linear-reachability/Colt.nkpl,0.862710474
katch,nkpl/fig09/linear-reachability/Columbus.nkpl,0.258628709
katch,nkpl/fig09/linear-reachability/Compuserve.nkpl,0.02310561
katch,nkpl/fig09/linear-reachability/CrlNetworkServices.nkpl,0.052582151
katch,nkpl/fig09/linear-reachability/Cudi.nkpl,0.105432288
katch,nkpl/fig09/linear-reachability/Cwix.nkpl,0.061450364
katch,nkpl/fig09/linear-reachability/Cynet.nkpl,0.044209942
katch,nkpl/fig09/linear-reachability/Darkstrand.nkpl,0.037426123
katch,nkpl/fig09/linear-reachability/Dataxchange.nkpl,0.00400906
katch,nkpl/fig09/linear-reachability/Deltacom.nkpl,0.469165378
katch,nkpl/fig09/linear-reachability/DeutscheTelekom.nkpl,0.048474221
katch,nkpl/fig09/linear-reachability/Dfn.nkpl,0.179417203
katch,nkpl/fig09/linear-reachability/DialtelecomCz.nkpl,1.073048143
katch,nkpl/fig09/linear-reachability/Digex.nkpl,0.059043423
katch,nkpl/fig09/linear-reachability/Easynet.nkpl,0.027587317
katch,nkpl/fig09/linear-reachability/Eenet.nkpl,0.013175007
katch,nkpl/fig09/linear-reachability/EliBackbone.nkpl,0.026974783
katch,nkpl/fig09/linear-reachability/Epoch.nkpl,0.004202323
katch,nkpl/fig09/linear-reachability/Ernet.nkpl,0.047368112
katch,nkpl/fig09/linear-reachability/Esnet.nkpl,0.228041277
katch,nkpl/fig09/linear-reachability/Eunetworks.nkpl,0.015780471
katch,nkpl/fig09/linear-reachability/Evolink.nkpl,0.09153178
katch,nkpl/fig09/linear-reachability/Fatman.nkpl,0.020373324
katch,nkpl/fig09/linear-reachability/Fccn.nkpl,0.032328595
katch,nkpl/fig09/linear-reachability/Forthnet.nkpl,0.156351594
katch,nkpl/fig09/linear-reachability/Funet.nkpl,0.0323533
katch,nkpl/fig09/linear-reachability/Gambia.nkpl,0.029976876
katch,nkpl/fig09/linear-reachability/Garr199901.nkpl,0.010833791
katch,nkpl/fig09/linear-reachability/Garr199904.nkpl,0.01818578
katch,nkpl/fig09/linear-reachability/Garr199905.nkpl,0.018131483
katch,nkpl/fig09/linear-reachability/Garr200109.nkpl,0.017473024
katch,nkpl/fig09/linear-reachability/Garr200112.nkpl,0.019837927
katch,nkpl/fig09/linear-reachability/Garr200212.nkpl,0.02552586
katch,nkpl/fig09/linear-reachability/Garr200404.nkpl,0.017297018
katch,nkpl/fig09/linear-reachability/Garr200902.nkpl,0.10199466
katch,nkpl/fig09/linear-reachability/Garr200908.nkpl,0.097782037
katch,nkpl/fig09/linear-reachability/Garr200909.nkpl,0.104150154
katch,nkpl/fig09/linear-reachability/Garr200912.nkpl,0.101822037
katch,nkpl/fig09/linear-reachability/Garr201001.nkpl,0.107795625
katch,nkpl/fig09/linear-reachability/Garr201003.nkpl,0.100326766
katch,nkpl/fig09/linear-reachability/Garr201004.nkpl,0.097794751
katch,nkpl/fig09/linear-reachability/Garr201005.nkpl,0.172452823
katch,nkpl/fig09/linear-reachability/Garr201007.nkpl,0.153816056
katch,nkpl/fig09/linear-reachability/Garr201008.nkpl,0.159926387
katch,nkpl/fig09/linear-reachability/Garr201010.nkpl,0.156534111
katch,nkpl/fig09/linear-reachability/Garr201012.nkpl,0.162510003
katch,nkpl/fig09/linear-reachability/Garr201101.nkpl,0.157056285
katch,nkpl/fig09/linear-reachability/Garr201102.nkpl,0.137625288
katch,nkpl/fig09/linear-reachability/Garr201103.nkpl,0.142232266
katch,nkpl/fig09/linear-reachability/Garr201104.nkpl,0.147628757
katch,nkpl/fig09/linear-reachability/Garr201105.nkpl,0.156940469
katch,nkpl/fig09/linear-reachability/Garr201107.nkpl,0.171224927
katch,nkpl/fig09/linear-reachability/Garr201108.nkpl,0.154013664
katch,nkpl/fig09/linear-reachability/Garr201109.nkpl,0.150603734
katch,nkpl/fig09/linear-reachability/Garr201110.nkpl,0.174202203
katch,nkpl/fig09/linear-reachability/Garr201111.nkpl,0.157570603
katch,nkpl/fig09/linear-reachability/Garr201112.nkpl,0.164683308
katch,nkpl/fig09/linear-reachability/Garr201201.nkpl,0.185026959
katch,nkpl/fig09/linear-reachability/Gblnet.nkpl,0.005316764
katch,nkpl/fig09/linear-reachability/Geant2001.nkpl,0.036491652
katch,nkpl/fig09/linear-reachability/Geant2009.nkpl,0.061842553
katch,nkpl/fig09/linear-reachability/Geant2010.nkpl,0.096856069
katch,nkpl/fig09/linear-reachability/Geant2012.nkpl,0.081652743
katch,nkpl/fig09/linear-reachability/Getnet.nkpl,0.004255225
katch,nkpl/fig09/linear-reachability/Globalcenter.nkpl,0.009023159
katch,nkpl/fig09/linear-reachability/Globenet.nkpl,0.199058272
katch,nkpl/fig09/linear-reachability/Goodnet.nkpl,0.019079593
katch,nkpl/fig09/linear-reachability/Grena.nkpl,0.012219253
katch,nkpl/fig09/linear-reachability/Gridnet.nkpl,0.006951559
katch,nkpl/fig09/linear-reachability/Grnet.nkpl,0.063089582
katch,nkpl/fig09/linear-reachability/GtsCe.nkpl,0.9637522
katch,nkpl/fig09/linear-reachability/GtsCzechRepublic.nkpl,0.044242169
katch,nkpl/fig09/linear-reachability/GtsHungary.nkpl,0.048413619
katch,nkpl/fig09/linear-reachability/GtsPoland.nkpl,0.041573749
katch,nkpl/fig09/linear-reachability/GtsRomania.nkpl,0.018085892
katch,nkpl/fig09/linear-reachability/GtsSlovakia.nkpl,0.044126407
katch,nkpl/fig09/linear-reachability/Harnet.nkpl,0.016498229
katch,nkpl/fig09/linear-reachability/Heanet.nkpl,0.003924908
katch,nkpl/fig09/linear-reachability/HiberniaCanada.nkpl,0.007595051
katch,nkpl/fig09/linear-reachability/HiberniaGlobal.nkpl,0.104674044
katch,nkpl/fig09/linear-reachability/HiberniaIreland.nkpl,0.003746998
katch,nkpl/fig09/linear-reachability/HiberniaNireland.nkpl,0.013470368
katch,nkpl/fig09/linear-reachability/HiberniaUk.nkpl,0.009607869
katch,nkpl/fig09/linear-reachability/HiberniaUs.nkpl,0.018190165
katch,nkpl/fig09/linear-reachability/Highwinds.nkpl,0.018231362
katch,nkpl/fig09/linear-reachability/HostwayInternational.nkpl,0.010884717
katch,nkpl/fig09/linear-reachability/HurricaneElectric.nkpl,0.021907273
katch,nkpl/fig09/linear-reachability/Ibm.nkpl,0.013505375
katch,nkpl/fig09/linear-reachability/Iij.nkpl,0.060622898
katch,nkpl/fig09/linear-reachability/Iinet.nkpl,0.03415659
katch,nkpl/fig09/linear-reachability/Ilan.nkpl,0.008570602
katch,nkpl/fig09/linear-reachability/Integra.nkpl,0.028053125
katch,nkpl/fig09/linear-reachability/Intellifiber.nkpl,0.178439263
katch,nkpl/fig09/linear-reachability/Internetmci.nkpl,0.018989811
katch,nkpl/fig09/linear-reachability/Internode.nkpl,0.125760666
katch,nkpl/fig09/linear-reachability/Interoute.nkpl,0.401330235
katch,nkpl/fig09/linear-reachability/Intranetwork.nkpl,0.052497416
katch,nkpl/fig09/linear-reachability/Ion.nkpl,0.540550554
katch,nkpl/fig09/linear-reachability/IowaStatewideFiberMap.nkpl,0.058628329
katch,nkpl/fig09/linear-reachability/Iris.nkpl,0.088985959
katch,nkpl/fig09/linear-reachability/Istar.nkpl,0.017251456
katch,nkpl/fig09/linear-reachability/Itnet.nkpl,0.005718931
katch,nkpl/fig09/linear-reachability/JanetExternal.nkpl,0.005575779
katch,nkpl/fig09/linear-reachability/Janetbackbone.nkpl,0.042704447
katch,nkpl/fig09/linear-reachability/Janetlense.nkpl,0.021032771
katch,nkpl/fig09/linear-reachability/Jgn2Plus.nkpl,0.012019077
katch,nkpl/fig09/linear-reachability/Karen.nkpl,0.020904208
katch,nkpl/fig09/linear-reachability/Kdl.nkpl,28.901745907
katch,nkpl/fig09/linear-reachability/KentmanApr2007.nkpl,0.024352407
katch,nkpl/fig09/linear-reachability/KentmanAug2005.nkpl,0.026810113
katch,nkpl/fig09/linear-reachability/KentmanFeb2008.nkpl,0.023410778
katch,nkpl/fig09/linear-reachability/KentmanJan2011.nkpl,0.047206715
katch,nkpl/fig09/linear-reachability/KentmanJul2005.nkpl,0.010378425
katch,nkpl/fig09/linear-reachability/Kreonet.nkpl,0.008188406
katch,nkpl/fig09/linear-reachability/LambdaNet.nkpl,0.065746172
katch,nkpl/fig09/linear-reachability/Latnet.nkpl,0.215958144
katch,nkpl/fig09/linear-reachability/Layer42.nkpl,0.003368117
katch,nkpl/fig09/linear-reachability/Litnet.nkpl,0.080651234
katch,nkpl/fig09/linear-reachability/Marnet.nkpl,0.031556313
katch,nkpl/fig09/linear-reachability/Marwan.nkpl,0.016052441
katch,nkpl/fig09/linear-reachability/Missouri.nkpl,0.232643665
katch,nkpl/fig09/linear-reachability/Mren.nkpl,0.003163957
katch,nkpl/fig09/linear-reachability/Myren.nkpl,0.062922144
katch,nkpl/fig09/linear-reachability/Napnet.nkpl,0.00321537
katch,nkpl/fig09/linear-reachability/Navigata.nkpl,0.010693676
katch,nkpl/fig09/linear-reachability/Netrail.nkpl,0.004386237
katch,nkpl/fig09/linear-reachability/NetworkUsa.nkpl,0.060446728
katch,nkpl/fig09/linear-reachability/Nextgen.nkpl,0.019634496
katch,nkpl/fig09/linear-reachability/Niif.nkpl,0.065400288
katch,nkpl/fig09/linear-reachability/Noel.nkpl,0.019300187
katch,nkpl/fig09/linear-reachability/Nordu1989.nkpl,0.003881818
katch,nkpl/fig09/linear-reachability/Nordu1997.nkpl,0.011309095
katch,nkpl/fig09/linear-reachability/Nordu2005.nkpl,0.006061152
katch,nkpl/fig09/linear-reachability/Nordu2010.nkpl,0.013960822
katch,nkpl/fig09/linear-reachability/Nsfcnet.nkpl,0.006047885
katch,nkpl/fig09/linear-reachability/Nsfnet.nkpl,0.010058622
katch,nkpl/fig09/linear-reachability/Ntelos.nkpl,0.103398567
katch,nkpl/fig09/linear-reachability/Ntt.nkpl,0.117380776
katch,nkpl/fig09/linear-reachability/Oteglobe.nkpl,0.310198153
katch,nkpl/fig09/linear-reachability/Oxford.nkpl,0.025571847
katch,nkpl/fig09/linear-reachability/Pacificwave.nkpl,0.021654544
katch,nkpl/fig09/linear-reachability/Packetexchange.nkpl,0.025927567
katch,nkpl/fig09/linear-reachability/Padi.nkpl,0.004842229
katch,nkpl/fig09/linear-reachability/Palmetto.nkpl,0.200359816
katch,nkpl/fig09/linear-reachability/Peer1.nkpl,0.013252814
katch,nkpl/fig09/linear-reachability/Pern.nkpl,0.516748967
katch,nkpl/fig09/linear-reachability/PionierL1.nkpl,0.056104265
katch,nkpl/fig09/linear-reachability/PionierL3.nkpl,0.069246652
katch,nkpl/fig09/linear-reachability/Psinet.nkpl,0.027893773
katch,nkpl/fig09/linear-reachability/Quest.nkpl,0.022852884
katch,nkpl/fig09/linear-reachability/RedBestel.nkpl,0.28926385
katch,nkpl/fig09/linear-reachability/Rediris.nkpl,0.01957138
katch,nkpl/fig09/linear-reachability/Renam.nkpl,0.002515913
katch,nkpl/fig09/linear-reachability/Renater1999.nkpl,0.020529855
katch,nkpl/fig09/linear-reachability/Renater2001.nkpl,0.021951052
katch,nkpl/fig09/linear-reachability/Renater2004.nkpl,0.038393757
katch,nkpl/fig09/linear-reachability/Renater2006.nkpl,0.043556862
katch,nkpl/fig09/linear-reachability/Renater2008.nkpl,0.043356657
katch,nkpl/fig09/linear-reachability/Renater2010.nkpl,0.069884713
katch,nkpl/fig09/linear-reachability/Restena.nkpl,0.014398065
katch,nkpl/fig09/linear-reachability/Reuna.nkpl,0.045408321
katch,nkpl/fig09/linear-reachability/Rhnet.nkpl,0.010738523
katch,nkpl/fig09/linear-reachability/Rnp.nkpl,0.033482335
katch,nkpl/fig09/linear-reachability/Roedunet.nkpl,0.060953839
katch,nkpl/fig09/linear-reachability/RoedunetFibre.nkpl,0.076009079
katch,nkpl/fig09/linear-reachability/Sago.nkpl,0.012177837
katch,nkpl/fig09/linear-reachability/Sanet.nkpl,0.064513075
katch,nkpl/fig09/linear-reachability/Sanren.nkpl,0.002963497
katch,nkpl/fig09/linear-reachability/Savvis.nkpl,0.014494117
katch,nkpl/fig09/linear-reachability/Shentel.nkpl,0.028633725
katch,nkpl/fig09/linear-reachability/Sinet.nkpl,0.153074901
katch,nkpl/fig09/linear-reachability/Singaren.nkpl,0.005912231
katch,nkpl/fig09/linear-reachability/Spiralight.nkpl,0.009931743
katch,nkpl/fig09/linear-reachability/Sprint.nkpl,0.006904823
katch,nkpl/fig09/linear-reachability/Sunet.nkpl,0.027472409
katch,nkpl/fig09/linear-reachability/Surfnet.nkpl,0.094321266
katch,nkpl/fig09/linear-reachability/Switch.nkpl,0.181867378
katch,nkpl/fig09/linear-reachability/SwitchL3.nkpl,0.073894351
katch,nkpl/fig09/linear-reachability/Syringa.nkpl,0.317094545
katch,nkpl/fig09/linear-reachability/TLex.nkpl,0.010936336
katch,nkpl/fig09/linear-reachability/TataNld.nkpl,1.082188324
katch,nkpl/fig09/linear-reachability/Telcove.nkpl,0.237028839
katch,nkpl/fig09/linear-reachability/Telecomserbia.nkpl,0.004413303
katch,nkpl/fig09/linear-reachability/Tinet.nkpl,0.175825738
katch,nkpl/fig09/linear-reachability/Tw.nkpl,0.282217193
katch,nkpl/fig09/linear-reachability/Twaren.nkpl,0.021785694
katch,nkpl/fig09/linear-reachability/Ulaknet.nkpl,0.531990561
katch,nkpl/fig09/linear-reachability/UniC.nkpl,0.033119513
katch,nkpl/fig09/linear-reachability/Uninet.nkpl,0.014143171
katch,nkpl/fig09/linear-reachability/Uninett2010.nkpl,0.272392536
katch,nkpl/fig09/linear-reachability/Uninett2011.nkpl,0.249059379
katch,nkpl/fig09/linear-reachability/Uran.nkpl,0.031171801
katch,nkpl/fig09/linear-reachability/UsCarrier.nkpl,1.019373241
katch,nkpl/fig09/linear-reachability/UsSignal.nkpl,0.12738058
katch,nkpl/fig09/linear-reachability/Uunet.nkpl,0.097303467
katch,nkpl/fig09/linear-reachability/Vinaren.nkpl,0.020627
katch,nkpl/fig09/linear-reachability/VisionNet.nkpl,0.018144337
katch,nkpl/fig09/linear-reachability/VtlWavenet2008.nkpl,0.302262165
katch,nkpl/fig09/linear-reachability/VtlWavenet2011.nkpl,0.33282362
katch,nkpl/fig09/linear-reachability/WideJpn.nkpl,0.035398126
katch,nkpl/fig09/linear-reachability/Xeex.nkpl,0.024330657
katch,nkpl/fig09/linear-reachability/Xspedius.nkpl,0.045987867
katch,nkpl/fig09/linear-reachability/York.nkpl,0.02161717
katch,nkpl/fig09/linear-reachability/Zamren.nkpl,0.039533384
katch,nkpl/fig10/Airtel_reachability.nkpl,0.012828624
katch,nkpl/fig10/Airtel_slicing.nkpl,0.027800073
katch,nkpl/fig10/Airtel_unreachability.nkpl,0.011809623
katch,nkpl/fig10/Arpa_reachability.nkpl,0.02100314
katch,nkpl/fig10/Arpa_slicing.nkpl,0.056197582
katch,nkpl/fig10/Arpa_unreachability.nkpl,0.021293573
katch,nkpl/fig10/Belnet_reachability.nkpl,0.018801619
katch,nkpl/fig10/Belnet_slicing.nkpl,0.044062482
katch,nkpl/fig10/Belnet_unreachability.nkpl,0.018515946
katch,nkpl/fig10/Cogentco-slicing.nkpl,1.540614307
katch,nkpl/fig10/Cogentco_reachability.nkpl,0.624803367
katch,nkpl/fig10/Cogentco_unreachability.nkpl,0.593465896
katch,nkpl/fig10/Compuserv_reachability.nkpl,0.006646333
katch,nkpl/fig10/Compuserv_slicing.nkpl,0.013680551
katch,nkpl/fig10/Compuserv_unreachability.nkpl,0.006333558
katch,nkpl/fig10/Deltacom_reachability.nkpl,0.218038866
katch,nkpl/fig10/Deltacom_slicing.nkpl,0.482994963
katch,nkpl/fig10/Deltacom_unreachability.nkpl,0.202086487
katch,nkpl/fig10/Layer42_reachability.nkpl,0.002847387
katch,nkpl/fig10/Layer42_slicing.nkpl,0.005551288
katch,nkpl/fig10/Layer42_unreachability.nkpl,0.002887446
katch,nkpl/fig10/Missouri_reachability.nkpl,0.106678066
katch,nkpl/fig10/Missouri_slicing.nkpl,0.221737022
katch,nkpl/fig10/Missouri_unreachability.nkpl,0.068677797
katch,nkpl/fig10/Sanet_reachability.nkpl,0.030335011
katch,nkpl/fig10/Sanet_slicing.nkpl,0.067819543
katch,nkpl/fig10/Sanet_unreachability.nkpl,0.027406756
katch,nkpl/fig10/Shentel_reachability.nkpl,0.014028523
katch,nkpl/fig10/Shentel_slicing.nkpl,0.039278603
katch,nkpl/fig10/Shentel_unreachability.nkpl,0.01630093
katch,nkpl/fig10/Telcove_reachability.nkpl,0.096832003
katch,nkpl/fig10/Telcove_slicing.nkpl,0.251167701
katch,nkpl/fig10/Telcove_unreachability.nkpl,0.067029342
katch,nkpl/fig10/Uunet_reachability.nkpl,0.048622977
katch,nkpl/fig10/Uunet_slicing.nkpl,0.152224312
katch,nkpl/fig10/Uunet_unreachability.nkpl,0.054427478
frenetic,nkpl/fig10/Airtel_reachability.nkpl,0.83
frenetic,nkpl/fig10/Airtel_slicing.nkpl,1.98
frenetic,nkpl/fig10/Airtel_unreachability.nkpl,0.82
frenetic,nkpl/fig10/Arpa_reachability.nkpl,4.23
frenetic,nkpl/fig10/Arpa_slicing.nkpl,10.42
frenetic,nkpl/fig10/Arpa_unreachability.nkpl,4.23
frenetic,nkpl/fig10/Belnet_reachability.nkpl,3.18
frenetic,nkpl/fig10/Belnet_slicing.nkpl,7.99
frenetic,nkpl/fig10/Belnet_unreachability.nkpl,3.20
frenetic,nkpl/fig10/Cogentco-slicing.nkpl,54247.73
frenetic,nkpl/fig10/Cogentco_reachability.nkpl,18894.99
frenetic,nkpl/fig10/Cogentco_unreachability.nkpl,18926.65
frenetic,nkpl/fig10/Compuserv_reachability.nkpl,0.35
frenetic,nkpl/fig10/Compuserv_slicing.nkpl,0.81
frenetic,nkpl/fig10/Compuserv_unreachability.nkpl,0.35
frenetic,nkpl/fig10/Deltacom_reachability.nkpl,2210.27
frenetic,nkpl/fig10/Deltacom_slicing.nkpl,5098.57
frenetic,nkpl/fig10/Deltacom_unreachability.nkpl,1964.41
frenetic,nkpl/fig10/Layer42_reachability.nkpl,0.05
frenetic,nkpl/fig10/Layer42_slicing.nkpl,0.07
frenetic,nkpl/fig10/Layer42_unreachability.nkpl,0.04
frenetic,nkpl/fig10/Missouri_reachability.nkpl,168.15
frenetic,nkpl/fig10/Missouri_slicing.nkpl,441.72
frenetic,nkpl/fig10/Missouri_unreachability.nkpl,165.59
frenetic,nkpl/fig10/Sanet_reachability.nkpl,23.30
frenetic,nkpl/fig10/Sanet_slicing.nkpl,62.21
frenetic,nkpl/fig10/Sanet_unreachability.nkpl,23.54
frenetic,nkpl/fig10/Shentel_reachability.nkpl,3.90
frenetic,nkpl/fig10/Shentel_slicing.nkpl,9.76
frenetic,nkpl/fig10/Shentel_unreachability.nkpl,3.96
frenetic,nkpl/fig10/Telcove_reachability.nkpl,441.47
frenetic,nkpl/fig10/Telcove_slicing.nkpl,1121.30
frenetic,nkpl/fig10/Telcove_unreachability.nkpl,441.46
frenetic,nkpl/fig10/Uunet_reachability.nkpl,81.03
frenetic,nkpl/fig10/Uunet_slicing.nkpl,203.80
frenetic,nkpl/fig10/Uunet_unreachability.nkpl,80.67
katch,nkpl/fig11/flip-first11/flip01.nkpl,0.002398918
katch,nkpl/fig11/flip-first11/flip02.nkpl,0.002600636
katch,nkpl/fig11/flip-first11/flip03.nkpl,0.002925807
katch,nkpl/fig11/flip-first11/flip04.nkpl,0.003708277
katch,nkpl/fig11/flip-first11/flip05.nkpl,0.005209057
katch,nkpl/fig11/flip-first11/flip06.nkpl,0.005897297
katch,nkpl/fig11/flip-first11/flip07.nkpl,0.00577993
katch,nkpl/fig11/flip-first11/flip08.nkpl,0.006185545
katch,nkpl/fig11/flip-first11/flip09.nkpl,0.005702615
katch,nkpl/fig11/flip-first11/flip10.nkpl,0.006971267
katch,nkpl/fig11/flip-first11/flip11.nkpl,0.006738025
frenetic,nkpl/fig11/flip-first11/flip01.nkpl,0.05
frenetic,nkpl/fig11/flip-first11/flip02.nkpl,0.03
frenetic,nkpl/fig11/flip-first11/flip03.nkpl,0.03
frenetic,nkpl/fig11/flip-first11/flip04.nkpl,0.03
frenetic,nkpl/fig11/flip-first11/flip05.nkpl,0.05
frenetic,nkpl/fig11/flip-first11/flip06.nkpl,0.14
frenetic,nkpl/fig11/flip-first11/flip07.nkpl,0.38
frenetic,nkpl/fig11/flip-first11/flip08.nkpl,1.82
frenetic,nkpl/fig11/flip-first11/flip09.nkpl,6.41
frenetic,nkpl/fig11/flip-first11/flip10.nkpl,25.25
frenetic,nkpl/fig11/flip-first11/flip11.nkpl,85.42
katch,nkpl/fig11/inc-first10/inc01.nkpl,0.003097481
katch,nkpl/fig11/inc-first10/inc02.nkpl,0.002755923
katch,nkpl/fig11/inc-first10/inc03.nkpl,0.003715633
katch,nkpl/fig11/inc-first10/inc04.nkpl,0.005562059
katch,nkpl/fig11/inc-first10/inc05.nkpl,0.006448854
katch,nkpl/fig11/inc-first10/inc06.nkpl,0.008166083
katch,nkpl/fig11/inc-first10/inc07.nkpl,0.009865701
katch,nkpl/fig11/inc-first10/inc08.nkpl,0.011544474
katch,nkpl/fig11/inc-first10/inc09.nkpl,0.014284859
katch,nkpl/fig11/inc-first10/inc10.nkpl,0.029007899
frenetic,nkpl/fig11/inc-first10/inc01.nkpl,0.05
frenetic,nkpl/fig11/inc-first10/inc02.nkpl,0.03
frenetic,nkpl/fig11/inc-first10/inc03.nkpl,0.03
frenetic,nkpl/fig11/inc-first10/inc04.nkpl,0.03
frenetic,nkpl/fig11/inc-first10/inc05.nkpl,0.05
frenetic,nkpl/fig11/inc-first10/inc06.nkpl,0.19
frenetic,nkpl/fig11/inc-first10/inc07.nkpl,1.03
frenetic,nkpl/fig11/inc-first10/inc08.nkpl,7.67
frenetic,nkpl/fig11/inc-first10/inc09.nkpl,66.87
frenetic,nkpl/fig11/inc-first10/inc10.nkpl,580.80
katch,nkpl/fig11/nondet-first15/nondet01.nkpl,0.002403622
katch,nkpl/fig11/nondet-first15/nondet02.nkpl,0.002119155
katch,nkpl/fig11/nondet-first15/nondet03.nkpl,0.002488766
katch,nkpl/fig11/nondet-first15/nondet04.nkpl,0.003062591
katch,nkpl/fig11/nondet-first15/nondet05.nkpl,0.003933581
katch,nkpl/fig11/nondet-first15/nondet06.nkpl,0.00389343
katch,nkpl/fig11/nondet-first15/nondet07.nkpl,0.004341293
katch,nkpl/fig11/nondet-first15/nondet08.nkpl,0.005001506
katch,nkpl/fig11/nondet-first15/nondet09.nkpl,0.005687481
katch,nkpl/fig11/nondet-first15/nondet10.nkpl,0.006673469
katch,nkpl/fig11/nondet-first15/nondet11.nkpl,0.020300395
katch,nkpl/fig11/nondet-first15/nondet12.nkpl,0.005886635
katch,nkpl/fig11/nondet-first15/nondet13.nkpl,0.006660975
katch,nkpl/fig11/nondet-first15/nondet14.nkpl,0.006411807
katch,nkpl/fig11/nondet-first15/nondet15.nkpl,0.007797385
frenetic,nkpl/fig11/nondet-first15/nondet01.nkpl,0.04
frenetic,nkpl/fig11/nondet-first15/nondet02.nkpl,0.03
frenetic,nkpl/fig11/nondet-first15/nondet03.nkpl,0.04
frenetic,nkpl/fig11/nondet-first15/nondet04.nkpl,0.08
frenetic,nkpl/fig11/nondet-first15/nondet05.nkpl,0.17
frenetic,nkpl/fig11/nondet-first15/nondet06.nkpl,0.36
frenetic,nkpl/fig11/nondet-first15/nondet07.nkpl,0.89
frenetic,nkpl/fig11/nondet-first15/nondet08.nkpl,1.72
frenetic,nkpl/fig11/nondet-first15/nondet09.nkpl,3.19
frenetic,nkpl/fig11/nondet-first15/nondet10.nkpl,5.73
frenetic,nkpl/fig11/nondet-first15/nondet11.nkpl,9.57
frenetic,nkpl/fig11/nondet-first15/nondet12.nkpl,15.76
frenetic,nkpl/fig11/nondet-first15/nondet13.nkpl,24.47
frenetic,nkpl/fig11/nondet-first15/nondet14.nkpl,37.17
frenetic,nkpl/fig11/nondet-first15/nondet15.nkpl,54.94
